date,base_rate
20080101,5.0
20080102,5.0
20080103,5.0
20080104,5.0
20080105,5.0
20080106,5.0
20080107,5.0
20080108,5.0
20080109,5.0
20080110,5.0
20080111,5.0
20080112,5.0
20080113,5.0
20080114,5.0
20080115,5.0
20080116,5.0
20080117,5.0
20080118,5.0
20080119,5.0
20080120,5.0
20080121,5.0
20080122,5.0
20080123,5.0
20080124,5.0
20080125,5.0
20080126,5.0
20080127,5.0
20080128,5.0
20080129,5.0
20080130,5.0
20080131,5.0
20080201,5.0
20080202,5.0
20080203,5.0
20080204,5.0
20080205,5.0
20080206,5.0
20080207,5.0
20080208,5.0
20080209,5.0
20080210,5.0
20080211,5.0
20080212,5.0
20080213,5.0
20080214,5.0
20080215,5.0
20080216,5.0
20080217,5.0
20080218,5.0
20080219,5.0
20080220,5.0
20080221,5.0
20080222,5.0
20080223,5.0
20080224,5.0
20080225,5.0
20080226,5.0
20080227,5.0
20080228,5.0
20080229,5.0
20080301,5.0
20080302,5.0
20080303,5.0
20080304,5.0
20080305,5.0
20080306,5.0
20080307,5.0
20080308,5.0
20080309,5.0
20080310,5.0
20080311,5.0
20080312,5.0
20080313,5.0
20080314,5.0
20080315,5.0
20080316,5.0
20080317,5.0
20080318,5.0
20080319,5.0
20080320,5.0
20080321,5.0
20080322,5.0
20080323,5.0
20080324,5.0
20080325,5.0
20080326,5.0
20080327,5.0
20080328,5.0
20080329,5.0
20080330,5.0
20080331,5.0
20080401,5.0
20080402,5.0
20080403,5.0
20080404,5.0
20080405,5.0
20080406,5.0
20080407,5.0
20080408,5.0
20080409,5.0
20080410,5.0
20080411,5.0
20080412,5.0
20080413,5.0
20080414,5.0
20080415,5.0
20080416,5.0
20080417,5.0
20080418,5.0
20080419,5.0
20080420,5.0
20080421,5.0
20080422,5.0
20080423,5.0
20080424,5.0
20080425,5.0
20080426,5.0
20080427,5.0
20080428,5.0
20080429,5.0
20080430,5.0
20080501,5.0
20080502,5.0
20080503,5.0
20080504,5.0
20080505,5.0
20080506,5.0
20080507,5.0
20080508,5.0
20080509,5.0
20080510,5.0
20080511,5.0
20080512,5.0
20080513,5.0
20080514,5.0
20080515,5.0
20080516,5.0
20080517,5.0
20080518,5.0
20080519,5.0
20080520,5.0
20080521,5.0
20080522,5.0
20080523,5.0
20080524,5.0
20080525,5.0
20080526,5.0
20080527,5.0
20080528,5.0
20080529,5.0
20080530,5.0
20080531,5.0
20080601,5.0
20080602,5.0
20080603,5.0
20080604,5.0
20080605,5.0
20080606,5.0
20080607,5.0
20080608,5.0
20080609,5.0
20080610,5.0
20080611,5.0
20080612,5.0
20080613,5.0
20080614,5.0
20080615,5.0
20080616,5.0
20080617,5.0
20080618,5.0
20080619,5.0
20080620,5.0
20080621,5.0
20080622,5.0
20080623,5.0
20080624,5.0
20080625,5.0
20080626,5.0
20080627,5.0
20080628,5.0
20080629,5.0
20080630,5.0
20080701,5.0
20080702,5.0
20080703,5.0
20080704,5.0
20080705,5.0
20080706,5.0
20080707,5.0
20080708,5.0
20080709,5.0
20080710,5.0
20080711,5.0
20080712,5.0
20080713,5.0
20080714,5.0
20080715,5.0
20080716,5.0
20080717,5.0
20080718,5.0
20080719,5.0
20080720,5.0
20080721,5.0
20080722,5.0
20080723,5.0
20080724,5.0
20080725,5.0
20080726,5.0
20080727,5.0
20080728,5.0
20080729,5.0
20080730,5.0
20080731,5.0
20080801,5.0
20080802,5.0
20080803,5.0
20080804,5.0
20080805,5.0
20080806,5.0
20080807,5.25
20080808,5.25
20080809,5.25
20080810,5.25
20080811,5.25
20080812,5.25
20080813,5.25
20080814,5.25
20080815,5.25
20080816,5.25
20080817,5.25
20080818,5.25
20080819,5.25
20080820,5.25
20080821,5.25
20080822,5.25
20080823,5.25
20080824,5.25
20080825,5.25
20080826,5.25
20080827,5.25
20080828,5.25
20080829,5.25
20080830,5.25
20080831,5.25
20080901,5.25
20080902,5.25
20080903,5.25
20080904,5.25
20080905,5.25
20080906,5.25
20080907,5.25
20080908,5.25
20080909,5.25
20080910,5.25
20080911,5.25
20080912,5.25
20080913,5.25
20080914,5.25
20080915,5.25
20080916,5.25
20080917,5.25
20080918,5.25
20080919,5.25
20080920,5.25
20080921,5.25
20080922,5.25
20080923,5.25
20080924,5.25
20080925,5.25
20080926,5.25
20080927,5.25
20080928,5.25
20080929,5.25
20080930,5.25
20081001,5.25
20081002,5.25
20081003,5.25
20081004,5.25
20081005,5.25
20081006,5.25
20081007,5.25
20081008,5.25
20081009,5.0
20081010,5.0
20081011,5.0
20081012,5.0
20081013,5.0
20081014,5.0
20081015,5.0
20081016,5.0
20081017,5.0
20081018,5.0
20081019,5.0
20081020,5.0
20081021,5.0
20081022,5.0
20081023,5.0
20081024,5.0
20081025,5.0
20081026,5.0
20081027,4.25
20081028,4.25
20081029,4.25
20081030,4.25
20081031,4.25
20081101,4.25
20081102,4.25
20081103,4.25
20081104,4.25
20081105,4.25
20081106,4.25
20081107,4.0
20081108,4.0
20081109,4.0
20081110,4.0
20081111,4.0
20081112,4.0
20081113,4.0
20081114,4.0
20081115,4.0
20081116,4.0
20081117,4.0
20081118,4.0
20081119,4.0
20081120,4.0
20081121,4.0
20081122,4.0
20081123,4.0
20081124,4.0
20081125,4.0
20081126,4.0
20081127,4.0
20081128,4.0
20081129,4.0
20081130,4.0
20081201,4.0
20081202,4.0
20081203,4.0
20081204,4.0
20081205,4.0
20081206,4.0
20081207,4.0
20081208,4.0
20081209,4.0
20081210,4.0
20081211,3.0
20081212,3.0
20081213,3.0
20081214,3.0
20081215,3.0
20081216,3.0
20081217,3.0
20081218,3.0
20081219,3.0
20081220,3.0
20081221,3.0
20081222,3.0
20081223,3.0
20081224,3.0
20081225,3.0
20081226,3.0
20081227,3.0
20081228,3.0
20081229,3.0
20081230,3.0
20081231,3.0
20090101,3.0
20090102,3.0
20090103,3.0
20090104,3.0
20090105,3.0
20090106,3.0
20090107,3.0
20090108,3.0
20090109,2.5
20090110,2.5
20090111,2.5
20090112,2.5
20090113,2.5
20090114,2.5
20090115,2.5
20090116,2.5
20090117,2.5
20090118,2.5
20090119,2.5
20090120,2.5
20090121,2.5
20090122,2.5
20090123,2.5
20090124,2.5
20090125,2.5
20090126,2.5
20090127,2.5
20090128,2.5
20090129,2.5
20090130,2.5
20090131,2.5
20090201,2.5
20090202,2.5
20090203,2.5
20090204,2.5
20090205,2.5
20090206,2.5
20090207,2.5
20090208,2.5
20090209,2.5
20090210,2.5
20090211,2.5
20090212,2.0
20090213,2.0
20090214,2.0
20090215,2.0
20090216,2.0
20090217,2.0
20090218,2.0
20090219,2.0
20090220,2.0
20090221,2.0
20090222,2.0
20090223,2.0
20090224,2.0
20090225,2.0
20090226,2.0
20090227,2.0
20090228,2.0
20090301,2.0
20090302,2.0
20090303,2.0
20090304,2.0
20090305,2.0
20090306,2.0
20090307,2.0
20090308,2.0
20090309,2.0
20090310,2.0
20090311,2.0
20090312,2.0
20090313,2.0
20090314,2.0
20090315,2.0
20090316,2.0
20090317,2.0
20090318,2.0
20090319,2.0
20090320,2.0
20090321,2.0
20090322,2.0
20090323,2.0
20090324,2.0
20090325,2.0
20090326,2.0
20090327,2.0
20090328,2.0
20090329,2.0
20090330,2.0
20090331,2.0
20090401,2.0
20090402,2.0
20090403,2.0
20090404,2.0
20090405,2.0
20090406,2.0
20090407,2.0
20090408,2.0
20090409,2.0
20090410,2.0
20090411,2.0
20090412,2.0
20090413,2.0
20090414,2.0
20090415,2.0
20090416,2.0
20090417,2.0
20090418,2.0
20090419,2.0
20090420,2.0
20090421,2.0
20090422,2.0
20090423,2.0
20090424,2.0
20090425,2.0
20090426,2.0
20090427,2.0
20090428,2.0
20090429,2.0
20090430,2.0
20090501,2.0
20090502,2.0
20090503,2.0
20090504,2.0
20090505,2.0
20090506,2.0
20090507,2.0
20090508,2.0
20090509,2.0
20090510,2.0
20090511,2.0
20090512,2.0
20090513,2.0
20090514,2.0
20090515,2.0
20090516,2.0
20090517,2.0
20090518,2.0
20090519,2.0
20090520,2.0
20090521,2.0
20090522,2.0
20090523,2.0
20090524,2.0
20090525,2.0
20090526,2.0
20090527,2.0
20090528,2.0
20090529,2.0
20090530,2.0
20090531,2.0
20090601,2.0
20090602,2.0
20090603,2.0
20090604,2.0
20090605,2.0
20090606,2.0
20090607,2.0
20090608,2.0
20090609,2.0
20090610,2.0
20090611,2.0
20090612,2.0
20090613,2.0
20090614,2.0
20090615,2.0
20090616,2.0
20090617,2.0
20090618,2.0
20090619,2.0
20090620,2.0
20090621,2.0
20090622,2.0
20090623,2.0
20090624,2.0
20090625,2.0
20090626,2.0
20090627,2.0
20090628,2.0
20090629,2.0
20090630,2.0
20090701,2.0
20090702,2.0
20090703,2.0
20090704,2.0
20090705,2.0
20090706,2.0
20090707,2.0
20090708,2.0
20090709,2.0
20090710,2.0
20090711,2.0
20090712,2.0
20090713,2.0
20090714,2.0
20090715,2.0
20090716,2.0
20090717,2.0
20090718,2.0
20090719,2.0
20090720,2.0
20090721,2.0
20090722,2.0
20090723,2.0
20090724,2.0
20090725,2.0
20090726,2.0
20090727,2.0
20090728,2.0
20090729,2.0
20090730,2.0
20090731,2.0
20090801,2.0
20090802,2.0
20090803,2.0
20090804,2.0
20090805,2.0
20090806,2.0
20090807,2.0
20090808,2.0
20090809,2.0
20090810,2.0
20090811,2.0
20090812,2.0
20090813,2.0
20090814,2.0
20090815,2.0
20090816,2.0
20090817,2.0
20090818,2.0
20090819,2.0
20090820,2.0
20090821,2.0
20090822,2.0
20090823,2.0
20090824,2.0
20090825,2.0
20090826,2.0
20090827,2.0
20090828,2.0
20090829,2.0
20090830,2.0
20090831,2.0
20090901,2.0
20090902,2.0
20090903,2.0
20090904,2.0
20090905,2.0
20090906,2.0
20090907,2.0
20090908,2.0
20090909,2.0
20090910,2.0
20090911,2.0
20090912,2.0
20090913,2.0
20090914,2.0
20090915,2.0
20090916,2.0
20090917,2.0
20090918,2.0
20090919,2.0
20090920,2.0
20090921,2.0
20090922,2.0
20090923,2.0
20090924,2.0
20090925,2.0
20090926,2.0
20090927,2.0
20090928,2.0
20090929,2.0
20090930,2.0
20091001,2.0
20091002,2.0
20091003,2.0
20091004,2.0
20091005,2.0
20091006,2.0
20091007,2.0
20091008,2.0
20091009,2.0
20091010,2.0
20091011,2.0
20091012,2.0
20091013,2.0
20091014,2.0
20091015,2.0
20091016,2.0
20091017,2.0
20091018,2.0
20091019,2.0
20091020,2.0
20091021,2.0
20091022,2.0
20091023,2.0
20091024,2.0
20091025,2.0
20091026,2.0
20091027,2.0
20091028,2.0
20091029,2.0
20091030,2.0
20091031,2.0
20091101,2.0
20091102,2.0
20091103,2.0
20091104,2.0
20091105,2.0
20091106,2.0
20091107,2.0
20091108,2.0
20091109,2.0
20091110,2.0
20091111,2.0
20091112,2.0
20091113,2.0
20091114,2.0
20091115,2.0
20091116,2.0
20091117,2.0
20091118,2.0
20091119,2.0
20091120,2.0
20091121,2.0
20091122,2.0
20091123,2.0
20091124,2.0
20091125,2.0
20091126,2.0
20091127,2.0
20091128,2.0
20091129,2.0
20091130,2.0
20091201,2.0
20091202,2.0
20091203,2.0
20091204,2.0
20091205,2.0
20091206,2.0
20091207,2.0
20091208,2.0
20091209,2.0
20091210,2.0
20091211,2.0
20091212,2.0
20091213,2.0
20091214,2.0
20091215,2.0
20091216,2.0
20091217,2.0
20091218,2.0
20091219,2.0
20091220,2.0
20091221,2.0
20091222,2.0
20091223,2.0
20091224,2.0
20091225,2.0
20091226,2.0
20091227,2.0
20091228,2.0
20091229,2.0
20091230,2.0
20091231,2.0
20100101,2.0
20100102,2.0
20100103,2.0
20100104,2.0
20100105,2.0
20100106,2.0
20100107,2.0
20100108,2.0
20100109,2.0
20100110,2.0
20100111,2.0
20100112,2.0
20100113,2.0
20100114,2.0
20100115,2.0
20100116,2.0
20100117,2.0
20100118,2.0
20100119,2.0
20100120,2.0
20100121,2.0
20100122,2.0
20100123,2.0
20100124,2.0
20100125,2.0
20100126,2.0
20100127,2.0
20100128,2.0
20100129,2.0
20100130,2.0
20100131,2.0
20100201,2.0
20100202,2.0
20100203,2.0
20100204,2.0
20100205,2.0
20100206,2.0
20100207,2.0
20100208,2.0
20100209,2.0
20100210,2.0
20100211,2.0
20100212,2.0
20100213,2.0
20100214,2.0
20100215,2.0
20100216,2.0
20100217,2.0
20100218,2.0
20100219,2.0
20100220,2.0
20100221,2.0
20100222,2.0
20100223,2.0
20100224,2.0
20100225,2.0
20100226,2.0
20100227,2.0
20100228,2.0
20100301,2.0
20100302,2.0
20100303,2.0
20100304,2.0
20100305,2.0
20100306,2.0
20100307,2.0
20100308,2.0
20100309,2.0
20100310,2.0
20100311,2.0
20100312,2.0
20100313,2.0
20100314,2.0
20100315,2.0
20100316,2.0
20100317,2.0
20100318,2.0
20100319,2.0
20100320,2.0
20100321,2.0
20100322,2.0
20100323,2.0
20100324,2.0
20100325,2.0
20100326,2.0
20100327,2.0
20100328,2.0
20100329,2.0
20100330,2.0
20100331,2.0
20100401,2.0
20100402,2.0
20100403,2.0
20100404,2.0
20100405,2.0
20100406,2.0
20100407,2.0
20100408,2.0
20100409,2.0
20100410,2.0
20100411,2.0
20100412,2.0
20100413,2.0
20100414,2.0
20100415,2.0
20100416,2.0
20100417,2.0
20100418,2.0
20100419,2.0
20100420,2.0
20100421,2.0
20100422,2.0
20100423,2.0
20100424,2.0
20100425,2.0
20100426,2.0
20100427,2.0
20100428,2.0
20100429,2.0
20100430,2.0
20100501,2.0
20100502,2.0
20100503,2.0
20100504,2.0
20100505,2.0
20100506,2.0
20100507,2.0
20100508,2.0
20100509,2.0
20100510,2.0
20100511,2.0
20100512,2.0
20100513,2.0
20100514,2.0
20100515,2.0
20100516,2.0
20100517,2.0
20100518,2.0
20100519,2.0
20100520,2.0
20100521,2.0
20100522,2.0
20100523,2.0
20100524,2.0
20100525,2.0
20100526,2.0
20100527,2.0
20100528,2.0
20100529,2.0
20100530,2.0
20100531,2.0
20100601,2.0
20100602,2.0
20100603,2.0
20100604,2.0
20100605,2.0
20100606,2.0
20100607,2.0
20100608,2.0
20100609,2.0
20100610,2.0
20100611,2.0
20100612,2.0
20100613,2.0
20100614,2.0
20100615,2.0
20100616,2.0
20100617,2.0
20100618,2.0
20100619,2.0
20100620,2.0
20100621,2.0
20100622,2.0
20100623,2.0
20100624,2.0
20100625,2.0
20100626,2.0
20100627,2.0
20100628,2.0
20100629,2.0
20100630,2.0
20100701,2.0
20100702,2.0
20100703,2.0
20100704,2.0
20100705,2.0
20100706,2.0
20100707,2.0
20100708,2.0
20100709,2.25
20100710,2.25
20100711,2.25
20100712,2.25
20100713,2.25
20100714,2.25
20100715,2.25
20100716,2.25
20100717,2.25
20100718,2.25
20100719,2.25
20100720,2.25
20100721,2.25
20100722,2.25
20100723,2.25
20100724,2.25
20100725,2.25
20100726,2.25
20100727,2.25
20100728,2.25
20100729,2.25
20100730,2.25
20100731,2.25
20100801,2.25
20100802,2.25
20100803,2.25
20100804,2.25
20100805,2.25
20100806,2.25
20100807,2.25
20100808,2.25
20100809,2.25
20100810,2.25
20100811,2.25
20100812,2.25
20100813,2.25
20100814,2.25
20100815,2.25
20100816,2.25
20100817,2.25
20100818,2.25
20100819,2.25
20100820,2.25
20100821,2.25
20100822,2.25
20100823,2.25
20100824,2.25
20100825,2.25
20100826,2.25
20100827,2.25
20100828,2.25
20100829,2.25
20100830,2.25
20100831,2.25
20100901,2.25
20100902,2.25
20100903,2.25
20100904,2.25
20100905,2.25
20100906,2.25
20100907,2.25
20100908,2.25
20100909,2.25
20100910,2.25
20100911,2.25
20100912,2.25
20100913,2.25
20100914,2.25
20100915,2.25
20100916,2.25
20100917,2.25
20100918,2.25
20100919,2.25
20100920,2.25
20100921,2.25
20100922,2.25
20100923,2.25
20100924,2.25
20100925,2.25
20100926,2.25
20100927,2.25
20100928,2.25
20100929,2.25
20100930,2.25
20101001,2.25
20101002,2.25
20101003,2.25
20101004,2.25
20101005,2.25
20101006,2.25
20101007,2.25
20101008,2.25
20101009,2.25
20101010,2.25
20101011,2.25
20101012,2.25
20101013,2.25
20101014,2.25
20101015,2.25
20101016,2.25
20101017,2.25
20101018,2.25
20101019,2.25
20101020,2.25
20101021,2.25
20101022,2.25
20101023,2.25
20101024,2.25
20101025,2.25
20101026,2.25
20101027,2.25
20101028,2.25
20101029,2.25
20101030,2.25
20101031,2.25
20101101,2.25
20101102,2.25
20101103,2.25
20101104,2.25
20101105,2.25
20101106,2.25
20101107,2.25
20101108,2.25
20101109,2.25
20101110,2.25
20101111,2.25
20101112,2.25
20101113,2.25
20101114,2.25
20101115,2.25
20101116,2.5
20101117,2.5
20101118,2.5
20101119,2.5
20101120,2.5
20101121,2.5
20101122,2.5
20101123,2.5
20101124,2.5
20101125,2.5
20101126,2.5
20101127,2.5
20101128,2.5
20101129,2.5
20101130,2.5
20101201,2.5
20101202,2.5
20101203,2.5
20101204,2.5
20101205,2.5
20101206,2.5
20101207,2.5
20101208,2.5
20101209,2.5
20101210,2.5
20101211,2.5
20101212,2.5
20101213,2.5
20101214,2.5
20101215,2.5
20101216,2.5
20101217,2.5
20101218,2.5
20101219,2.5
20101220,2.5
20101221,2.5
20101222,2.5
20101223,2.5
20101224,2.5
20101225,2.5
20101226,2.5
20101227,2.5
20101228,2.5
20101229,2.5
20101230,2.5
20101231,2.5
20110101,2.5
20110102,2.5
20110103,2.5
20110104,2.5
20110105,2.5
20110106,2.5
20110107,2.5
20110108,2.5
20110109,2.5
20110110,2.5
20110111,2.5
20110112,2.5
20110113,2.75
20110114,2.75
20110115,2.75
20110116,2.75
20110117,2.75
20110118,2.75
20110119,2.75
20110120,2.75
20110121,2.75
20110122,2.75
20110123,2.75
20110124,2.75
20110125,2.75
20110126,2.75
20110127,2.75
20110128,2.75
20110129,2.75
20110130,2.75
20110131,2.75
20110201,2.75
20110202,2.75
20110203,2.75
20110204,2.75
20110205,2.75
20110206,2.75
20110207,2.75
20110208,2.75
20110209,2.75
20110210,2.75
20110211,2.75
20110212,2.75
20110213,2.75
20110214,2.75
20110215,2.75
20110216,2.75
20110217,2.75
20110218,2.75
20110219,2.75
20110220,2.75
20110221,2.75
20110222,2.75
20110223,2.75
20110224,2.75
20110225,2.75
20110226,2.75
20110227,2.75
20110228,2.75
20110301,2.75
20110302,2.75
20110303,2.75
20110304,2.75
20110305,2.75
20110306,2.75
20110307,2.75
20110308,2.75
20110309,2.75
20110310,3.0
20110311,3.0
20110312,3.0
20110313,3.0
20110314,3.0
20110315,3.0
20110316,3.0
20110317,3.0
20110318,3.0
20110319,3.0
20110320,3.0
20110321,3.0
20110322,3.0
20110323,3.0
20110324,3.0
20110325,3.0
20110326,3.0
20110327,3.0
20110328,3.0
20110329,3.0
20110330,3.0
20110331,3.0
20110401,3.0
20110402,3.0
20110403,3.0
20110404,3.0
20110405,3.0
20110406,3.0
20110407,3.0
20110408,3.0
20110409,3.0
20110410,3.0
20110411,3.0
20110412,3.0
20110413,3.0
20110414,3.0
20110415,3.0
20110416,3.0
20110417,3.0
20110418,3.0
20110419,3.0
20110420,3.0
20110421,3.0
20110422,3.0
20110423,3.0
20110424,3.0
20110425,3.0
20110426,3.0
20110427,3.0
20110428,3.0
20110429,3.0
20110430,3.0
20110501,3.0
20110502,3.0
20110503,3.0
20110504,3.0
20110505,3.0
20110506,3.0
20110507,3.0
20110508,3.0
20110509,3.0
20110510,3.0
20110511,3.0
20110512,3.0
20110513,3.0
20110514,3.0
20110515,3.0
20110516,3.0
20110517,3.0
20110518,3.0
20110519,3.0
20110520,3.0
20110521,3.0
20110522,3.0
20110523,3.0
20110524,3.0
20110525,3.0
20110526,3.0
20110527,3.0
20110528,3.0
20110529,3.0
20110530,3.0
20110531,3.0
20110601,3.0
20110602,3.0
20110603,3.0
20110604,3.0
20110605,3.0
20110606,3.0
20110607,3.0
20110608,3.0
20110609,3.0
20110610,3.25
20110611,3.25
20110612,3.25
20110613,3.25
20110614,3.25
20110615,3.25
20110616,3.25
20110617,3.25
20110618,3.25
20110619,3.25
20110620,3.25
20110621,3.25
20110622,3.25
20110623,3.25
20110624,3.25
20110625,3.25
20110626,3.25
20110627,3.25
20110628,3.25
20110629,3.25
20110630,3.25
20110701,3.25
20110702,3.25
20110703,3.25
20110704,3.25
20110705,3.25
20110706,3.25
20110707,3.25
20110708,3.25
20110709,3.25
20110710,3.25
20110711,3.25
20110712,3.25
20110713,3.25
20110714,3.25
20110715,3.25
20110716,3.25
20110717,3.25
20110718,3.25
20110719,3.25
20110720,3.25
20110721,3.25
20110722,3.25
20110723,3.25
20110724,3.25
20110725,3.25
20110726,3.25
20110727,3.25
20110728,3.25
20110729,3.25
20110730,3.25
20110731,3.25
20110801,3.25
20110802,3.25
20110803,3.25
20110804,3.25
20110805,3.25
20110806,3.25
20110807,3.25
20110808,3.25
20110809,3.25
20110810,3.25
20110811,3.25
20110812,3.25
20110813,3.25
20110814,3.25
20110815,3.25
20110816,3.25
20110817,3.25
20110818,3.25
20110819,3.25
20110820,3.25
20110821,3.25
20110822,3.25
20110823,3.25
20110824,3.25
20110825,3.25
20110826,3.25
20110827,3.25
20110828,3.25
20110829,3.25
20110830,3.25
20110831,3.25
20110901,3.25
20110902,3.25
20110903,3.25
20110904,3.25
20110905,3.25
20110906,3.25
20110907,3.25
20110908,3.25
20110909,3.25
20110910,3.25
20110911,3.25
20110912,3.25
20110913,3.25
20110914,3.25
20110915,3.25
20110916,3.25
20110917,3.25
20110918,3.25
20110919,3.25
20110920,3.25
20110921,3.25
20110922,3.25
20110923,3.25
20110924,3.25
20110925,3.25
20110926,3.25
20110927,3.25
20110928,3.25
20110929,3.25
20110930,3.25
20111001,3.25
20111002,3.25
20111003,3.25
20111004,3.25
20111005,3.25
20111006,3.25
20111007,3.25
20111008,3.25
20111009,3.25
20111010,3.25
20111011,3.25
20111012,3.25
20111013,3.25
20111014,3.25
20111015,3.25
20111016,3.25
20111017,3.25
20111018,3.25
20111019,3.25
20111020,3.25
20111021,3.25
20111022,3.25
20111023,3.25
20111024,3.25
20111025,3.25
20111026,3.25
20111027,3.25
20111028,3.25
20111029,3.25
20111030,3.25
20111031,3.25
20111101,3.25
20111102,3.25
20111103,3.25
20111104,3.25
20111105,3.25
20111106,3.25
20111107,3.25
20111108,3.25
20111109,3.25
20111110,3.25
20111111,3.25
20111112,3.25
20111113,3.25
20111114,3.25
20111115,3.25
20111116,3.25
20111117,3.25
20111118,3.25
20111119,3.25
20111120,3.25
20111121,3.25
20111122,3.25
20111123,3.25
20111124,3.25
20111125,3.25
20111126,3.25
20111127,3.25
20111128,3.25
20111129,3.25
20111130,3.25
20111201,3.25
20111202,3.25
20111203,3.25
20111204,3.25
20111205,3.25
20111206,3.25
20111207,3.25
20111208,3.25
20111209,3.25
20111210,3.25
20111211,3.25
20111212,3.25
20111213,3.25
20111214,3.25
20111215,3.25
20111216,3.25
20111217,3.25
20111218,3.25
20111219,3.25
20111220,3.25
20111221,3.25
20111222,3.25
20111223,3.25
20111224,3.25
20111225,3.25
20111226,3.25
20111227,3.25
20111228,3.25
20111229,3.25
20111230,3.25
20111231,3.25
20120101,3.25
20120102,3.25
20120103,3.25
20120104,3.25
20120105,3.25
20120106,3.25
20120107,3.25
20120108,3.25
20120109,3.25
20120110,3.25
20120111,3.25
20120112,3.25
20120113,3.25
20120114,3.25
20120115,3.25
20120116,3.25
20120117,3.25
20120118,3.25
20120119,3.25
20120120,3.25
20120121,3.25
20120122,3.25
20120123,3.25
20120124,3.25
20120125,3.25
20120126,3.25
20120127,3.25
20120128,3.25
20120129,3.25
20120130,3.25
20120131,3.25
20120201,3.25
20120202,3.25
20120203,3.25
20120204,3.25
20120205,3.25
20120206,3.25
20120207,3.25
20120208,3.25
20120209,3.25
20120210,3.25
20120211,3.25
20120212,3.25
20120213,3.25
20120214,3.25
20120215,3.25
20120216,3.25
20120217,3.25
20120218,3.25
20120219,3.25
20120220,3.25
20120221,3.25
20120222,3.25
20120223,3.25
20120224,3.25
20120225,3.25
20120226,3.25
20120227,3.25
20120228,3.25
20120229,3.25
20120301,3.25
20120302,3.25
20120303,3.25
20120304,3.25
20120305,3.25
20120306,3.25
20120307,3.25
20120308,3.25
20120309,3.25
20120310,3.25
20120311,3.25
20120312,3.25
20120313,3.25
20120314,3.25
20120315,3.25
20120316,3.25
20120317,3.25
20120318,3.25
20120319,3.25
20120320,3.25
20120321,3.25
20120322,3.25
20120323,3.25
20120324,3.25
20120325,3.25
20120326,3.25
20120327,3.25
20120328,3.25
20120329,3.25
20120330,3.25
20120331,3.25
20120401,3.25
20120402,3.25
20120403,3.25
20120404,3.25
20120405,3.25
20120406,3.25
20120407,3.25
20120408,3.25
20120409,3.25
20120410,3.25
20120411,3.25
20120412,3.25
20120413,3.25
20120414,3.25
20120415,3.25
20120416,3.25
20120417,3.25
20120418,3.25
20120419,3.25
20120420,3.25
20120421,3.25
20120422,3.25
20120423,3.25
20120424,3.25
20120425,3.25
20120426,3.25
20120427,3.25
20120428,3.25
20120429,3.25
20120430,3.25
20120501,3.25
20120502,3.25
20120503,3.25
20120504,3.25
20120505,3.25
20120506,3.25
20120507,3.25
20120508,3.25
20120509,3.25
20120510,3.25
20120511,3.25
20120512,3.25
20120513,3.25
20120514,3.25
20120515,3.25
20120516,3.25
20120517,3.25
20120518,3.25
20120519,3.25
20120520,3.25
20120521,3.25
20120522,3.25
20120523,3.25
20120524,3.25
20120525,3.25
20120526,3.25
20120527,3.25
20120528,3.25
20120529,3.25
20120530,3.25
20120531,3.25
20120601,3.25
20120602,3.25
20120603,3.25
20120604,3.25
20120605,3.25
20120606,3.25
20120607,3.25
20120608,3.25
20120609,3.25
20120610,3.25
20120611,3.25
20120612,3.25
20120613,3.25
20120614,3.25
20120615,3.25
20120616,3.25
20120617,3.25
20120618,3.25
20120619,3.25
20120620,3.25
20120621,3.25
20120622,3.25
20120623,3.25
20120624,3.25
20120625,3.25
20120626,3.25
20120627,3.25
20120628,3.25
20120629,3.25
20120630,3.25
20120701,3.25
20120702,3.25
20120703,3.25
20120704,3.25
20120705,3.25
20120706,3.25
20120707,3.25
20120708,3.25
20120709,3.25
20120710,3.25
20120711,3.25
20120712,3.0
20120713,3.0
20120714,3.0
20120715,3.0
20120716,3.0
20120717,3.0
20120718,3.0
20120719,3.0
20120720,3.0
20120721,3.0
20120722,3.0
20120723,3.0
20120724,3.0
20120725,3.0
20120726,3.0
20120727,3.0
20120728,3.0
20120729,3.0
20120730,3.0
20120731,3.0
20120801,3.0
20120802,3.0
20120803,3.0
20120804,3.0
20120805,3.0
20120806,3.0
20120807,3.0
20120808,3.0
20120809,3.0
20120810,3.0
20120811,3.0
20120812,3.0
20120813,3.0
20120814,3.0
20120815,3.0
20120816,3.0
20120817,3.0
20120818,3.0
20120819,3.0
20120820,3.0
20120821,3.0
20120822,3.0
20120823,3.0
20120824,3.0
20120825,3.0
20120826,3.0
20120827,3.0
20120828,3.0
20120829,3.0
20120830,3.0
20120831,3.0
20120901,3.0
20120902,3.0
20120903,3.0
20120904,3.0
20120905,3.0
20120906,3.0
20120907,3.0
20120908,3.0
20120909,3.0
20120910,3.0
20120911,3.0
20120912,3.0
20120913,3.0
20120914,3.0
20120915,3.0
20120916,3.0
20120917,3.0
20120918,3.0
20120919,3.0
20120920,3.0
20120921,3.0
20120922,3.0
20120923,3.0
20120924,3.0
20120925,3.0
20120926,3.0
20120927,3.0
20120928,3.0
20120929,3.0
20120930,3.0
20121001,3.0
20121002,3.0
20121003,3.0
20121004,3.0
20121005,3.0
20121006,3.0
20121007,3.0
20121008,3.0
20121009,3.0
20121010,3.0
20121011,2.75
20121012,2.75
20121013,2.75
20121014,2.75
20121015,2.75
20121016,2.75
20121017,2.75
20121018,2.75
20121019,2.75
20121020,2.75
20121021,2.75
20121022,2.75
20121023,2.75
20121024,2.75
20121025,2.75
20121026,2.75
20121027,2.75
20121028,2.75
20121029,2.75
20121030,2.75
20121031,2.75
20121101,2.75
20121102,2.75
20121103,2.75
20121104,2.75
20121105,2.75
20121106,2.75
20121107,2.75
20121108,2.75
20121109,2.75
20121110,2.75
20121111,2.75
20121112,2.75
20121113,2.75
20121114,2.75
20121115,2.75
20121116,2.75
20121117,2.75
20121118,2.75
20121119,2.75
20121120,2.75
20121121,2.75
20121122,2.75
20121123,2.75
20121124,2.75
20121125,2.75
20121126,2.75
20121127,2.75
20121128,2.75
20121129,2.75
20121130,2.75
20121201,2.75
20121202,2.75
20121203,2.75
20121204,2.75
20121205,2.75
20121206,2.75
20121207,2.75
20121208,2.75
20121209,2.75
20121210,2.75
20121211,2.75
20121212,2.75
20121213,2.75
20121214,2.75
20121215,2.75
20121216,2.75
20121217,2.75
20121218,2.75
20121219,2.75
20121220,2.75
20121221,2.75
20121222,2.75
20121223,2.75
20121224,2.75
20121225,2.75
20121226,2.75
20121227,2.75
20121228,2.75
20121229,2.75
20121230,2.75
20121231,2.75
20130101,2.75
20130102,2.75
20130103,2.75
20130104,2.75
20130105,2.75
20130106,2.75
20130107,2.75
20130108,2.75
20130109,2.75
20130110,2.75
20130111,2.75
20130112,2.75
20130113,2.75
20130114,2.75
20130115,2.75
20130116,2.75
20130117,2.75
20130118,2.75
20130119,2.75
20130120,2.75
20130121,2.75
20130122,2.75
20130123,2.75
20130124,2.75
20130125,2.75
20130126,2.75
20130127,2.75
20130128,2.75
20130129,2.75
20130130,2.75
20130131,2.75
20130201,2.75
20130202,2.75
20130203,2.75
20130204,2.75
20130205,2.75
20130206,2.75
20130207,2.75
20130208,2.75
20130209,2.75
20130210,2.75
20130211,2.75
20130212,2.75
20130213,2.75
20130214,2.75
20130215,2.75
20130216,2.75
20130217,2.75
20130218,2.75
20130219,2.75
20130220,2.75
20130221,2.75
20130222,2.75
20130223,2.75
20130224,2.75
20130225,2.75
20130226,2.75
20130227,2.75
20130228,2.75
20130301,2.75
20130302,2.75
20130303,2.75
20130304,2.75
20130305,2.75
20130306,2.75
20130307,2.75
20130308,2.75
20130309,2.75
20130310,2.75
20130311,2.75
20130312,2.75
20130313,2.75
20130314,2.75
20130315,2.75
20130316,2.75
20130317,2.75
20130318,2.75
20130319,2.75
20130320,2.75
20130321,2.75
20130322,2.75
20130323,2.75
20130324,2.75
20130325,2.75
20130326,2.75
20130327,2.75
20130328,2.75
20130329,2.75
20130330,2.75
20130331,2.75
20130401,2.75
20130402,2.75
20130403,2.75
20130404,2.75
20130405,2.75
20130406,2.75
20130407,2.75
20130408,2.75
20130409,2.75
20130410,2.75
20130411,2.75
20130412,2.75
20130413,2.75
20130414,2.75
20130415,2.75
20130416,2.75
20130417,2.75
20130418,2.75
20130419,2.75
20130420,2.75
20130421,2.75
20130422,2.75
20130423,2.75
20130424,2.75
20130425,2.75
20130426,2.75
20130427,2.75
20130428,2.75
20130429,2.75
20130430,2.75
20130501,2.75
20130502,2.75
20130503,2.75
20130504,2.75
20130505,2.75
20130506,2.75
20130507,2.75
20130508,2.75
20130509,2.5
20130510,2.5
20130511,2.5
20130512,2.5
20130513,2.5
20130514,2.5
20130515,2.5
20130516,2.5
20130517,2.5
20130518,2.5
20130519,2.5
20130520,2.5
20130521,2.5
20130522,2.5
20130523,2.5
20130524,2.5
20130525,2.5
20130526,2.5
20130527,2.5
20130528,2.5
20130529,2.5
20130530,2.5
20130531,2.5
20130601,2.5
20130602,2.5
20130603,2.5
20130604,2.5
20130605,2.5
20130606,2.5
20130607,2.5
20130608,2.5
20130609,2.5
20130610,2.5
20130611,2.5
20130612,2.5
20130613,2.5
20130614,2.5
20130615,2.5
20130616,2.5
20130617,2.5
20130618,2.5
20130619,2.5
20130620,2.5
20130621,2.5
20130622,2.5
20130623,2.5
20130624,2.5
20130625,2.5
20130626,2.5
20130627,2.5
20130628,2.5
20130629,2.5
20130630,2.5
20130701,2.5
20130702,2.5
20130703,2.5
20130704,2.5
20130705,2.5
20130706,2.5
20130707,2.5
20130708,2.5
20130709,2.5
20130710,2.5
20130711,2.5
20130712,2.5
20130713,2.5
20130714,2.5
20130715,2.5
20130716,2.5
20130717,2.5
20130718,2.5
20130719,2.5
20130720,2.5
20130721,2.5
20130722,2.5
20130723,2.5
20130724,2.5
20130725,2.5
20130726,2.5
20130727,2.5
20130728,2.5
20130729,2.5
20130730,2.5
20130731,2.5
20130801,2.5
20130802,2.5
20130803,2.5
20130804,2.5
20130805,2.5
20130806,2.5
20130807,2.5
20130808,2.5
20130809,2.5
20130810,2.5
20130811,2.5
20130812,2.5
20130813,2.5
20130814,2.5
20130815,2.5
20130816,2.5
20130817,2.5
20130818,2.5
20130819,2.5
20130820,2.5
20130821,2.5
20130822,2.5
20130823,2.5
20130824,2.5
20130825,2.5
20130826,2.5
20130827,2.5
20130828,2.5
20130829,2.5
20130830,2.5
20130831,2.5
20130901,2.5
20130902,2.5
20130903,2.5
20130904,2.5
20130905,2.5
20130906,2.5
20130907,2.5
20130908,2.5
20130909,2.5
20130910,2.5
20130911,2.5
20130912,2.5
20130913,2.5
20130914,2.5
20130915,2.5
20130916,2.5
20130917,2.5
20130918,2.5
20130919,2.5
20130920,2.5
20130921,2.5
20130922,2.5
20130923,2.5
20130924,2.5
20130925,2.5
20130926,2.5
20130927,2.5
20130928,2.5
20130929,2.5
20130930,2.5
20131001,2.5
20131002,2.5
20131003,2.5
20131004,2.5
20131005,2.5
20131006,2.5
20131007,2.5
20131008,2.5
20131009,2.5
20131010,2.5
20131011,2.5
20131012,2.5
20131013,2.5
20131014,2.5
20131015,2.5
20131016,2.5
20131017,2.5
20131018,2.5
20131019,2.5
20131020,2.5
20131021,2.5
20131022,2.5
20131023,2.5
20131024,2.5
20131025,2.5
20131026,2.5
20131027,2.5
20131028,2.5
20131029,2.5
20131030,2.5
20131031,2.5
20131101,2.5
20131102,2.5
20131103,2.5
20131104,2.5
20131105,2.5
20131106,2.5
20131107,2.5
20131108,2.5
20131109,2.5
20131110,2.5
20131111,2.5
20131112,2.5
20131113,2.5
20131114,2.5
20131115,2.5
20131116,2.5
20131117,2.5
20131118,2.5
20131119,2.5
20131120,2.5
20131121,2.5
20131122,2.5
20131123,2.5
20131124,2.5
20131125,2.5
20131126,2.5
20131127,2.5
20131128,2.5
20131129,2.5
20131130,2.5
20131201,2.5
20131202,2.5
20131203,2.5
20131204,2.5
20131205,2.5
20131206,2.5
20131207,2.5
20131208,2.5
20131209,2.5
20131210,2.5
20131211,2.5
20131212,2.5
20131213,2.5
20131214,2.5
20131215,2.5
20131216,2.5
20131217,2.5
20131218,2.5
20131219,2.5
20131220,2.5
20131221,2.5
20131222,2.5
20131223,2.5
20131224,2.5
20131225,2.5
20131226,2.5
20131227,2.5
20131228,2.5
20131229,2.5
20131230,2.5
20131231,2.5
20140101,2.5
20140102,2.5
20140103,2.5
20140104,2.5
20140105,2.5
20140106,2.5
20140107,2.5
20140108,2.5
20140109,2.5
20140110,2.5
20140111,2.5
20140112,2.5
20140113,2.5
20140114,2.5
20140115,2.5
20140116,2.5
20140117,2.5
20140118,2.5
20140119,2.5
20140120,2.5
20140121,2.5
20140122,2.5
20140123,2.5
20140124,2.5
20140125,2.5
20140126,2.5
20140127,2.5
20140128,2.5
20140129,2.5
20140130,2.5
20140131,2.5
20140201,2.5
20140202,2.5
20140203,2.5
20140204,2.5
20140205,2.5
20140206,2.5
20140207,2.5
20140208,2.5
20140209,2.5
20140210,2.5
20140211,2.5
20140212,2.5
20140213,2.5
20140214,2.5
20140215,2.5
20140216,2.5
20140217,2.5
20140218,2.5
20140219,2.5
20140220,2.5
20140221,2.5
20140222,2.5
20140223,2.5
20140224,2.5
20140225,2.5
20140226,2.5
20140227,2.5
20140228,2.5
20140301,2.5
20140302,2.5
20140303,2.5
20140304,2.5
20140305,2.5
20140306,2.5
20140307,2.5
20140308,2.5
20140309,2.5
20140310,2.5
20140311,2.5
20140312,2.5
20140313,2.5
20140314,2.5
20140315,2.5
20140316,2.5
20140317,2.5
20140318,2.5
20140319,2.5
20140320,2.5
20140321,2.5
20140322,2.5
20140323,2.5
20140324,2.5
20140325,2.5
20140326,2.5
20140327,2.5
20140328,2.5
20140329,2.5
20140330,2.5
20140331,2.5
20140401,2.5
20140402,2.5
20140403,2.5
20140404,2.5
20140405,2.5
20140406,2.5
20140407,2.5
20140408,2.5
20140409,2.5
20140410,2.5
20140411,2.5
20140412,2.5
20140413,2.5
20140414,2.5
20140415,2.5
20140416,2.5
20140417,2.5
20140418,2.5
20140419,2.5
20140420,2.5
20140421,2.5
20140422,2.5
20140423,2.5
20140424,2.5
20140425,2.5
20140426,2.5
20140427,2.5
20140428,2.5
20140429,2.5
20140430,2.5
20140501,2.5
20140502,2.5
20140503,2.5
20140504,2.5
20140505,2.5
20140506,2.5
20140507,2.5
20140508,2.5
20140509,2.5
20140510,2.5
20140511,2.5
20140512,2.5
20140513,2.5
20140514,2.5
20140515,2.5
20140516,2.5
20140517,2.5
20140518,2.5
20140519,2.5
20140520,2.5
20140521,2.5
20140522,2.5
20140523,2.5
20140524,2.5
20140525,2.5
20140526,2.5
20140527,2.5
20140528,2.5
20140529,2.5
20140530,2.5
20140531,2.5
20140601,2.5
20140602,2.5
20140603,2.5
20140604,2.5
20140605,2.5
20140606,2.5
20140607,2.5
20140608,2.5
20140609,2.5
20140610,2.5
20140611,2.5
20140612,2.5
20140613,2.5
20140614,2.5
20140615,2.5
20140616,2.5
20140617,2.5
20140618,2.5
20140619,2.5
20140620,2.5
20140621,2.5
20140622,2.5
20140623,2.5
20140624,2.5
20140625,2.5
20140626,2.5
20140627,2.5
20140628,2.5
20140629,2.5
20140630,2.5
20140701,2.5
20140702,2.5
20140703,2.5
20140704,2.5
20140705,2.5
20140706,2.5
20140707,2.5
20140708,2.5
20140709,2.5
20140710,2.5
20140711,2.5
20140712,2.5
20140713,2.5
20140714,2.5
20140715,2.5
20140716,2.5
20140717,2.5
20140718,2.5
20140719,2.5
20140720,2.5
20140721,2.5
20140722,2.5
20140723,2.5
20140724,2.5
20140725,2.5
20140726,2.5
20140727,2.5
20140728,2.5
20140729,2.5
20140730,2.5
20140731,2.5
20140801,2.5
20140802,2.5
20140803,2.5
20140804,2.5
20140805,2.5
20140806,2.5
20140807,2.5
20140808,2.5
20140809,2.5
20140810,2.5
20140811,2.5
20140812,2.5
20140813,2.5
20140814,2.25
20140815,2.25
20140816,2.25
20140817,2.25
20140818,2.25
20140819,2.25
20140820,2.25
20140821,2.25
20140822,2.25
20140823,2.25
20140824,2.25
20140825,2.25
20140826,2.25
20140827,2.25
20140828,2.25
20140829,2.25
20140830,2.25
20140831,2.25
20140901,2.25
20140902,2.25
20140903,2.25
20140904,2.25
20140905,2.25
20140906,2.25
20140907,2.25
20140908,2.25
20140909,2.25
20140910,2.25
20140911,2.25
20140912,2.25
20140913,2.25
20140914,2.25
20140915,2.25
20140916,2.25
20140917,2.25
20140918,2.25
20140919,2.25
20140920,2.25
20140921,2.25
20140922,2.25
20140923,2.25
20140924,2.25
20140925,2.25
20140926,2.25
20140927,2.25
20140928,2.25
20140929,2.25
20140930,2.25
20141001,2.25
20141002,2.25
20141003,2.25
20141004,2.25
20141005,2.25
20141006,2.25
20141007,2.25
20141008,2.25
20141009,2.25
20141010,2.25
20141011,2.25
20141012,2.25
20141013,2.25
20141014,2.25
20141015,2.0
20141016,2.0
20141017,2.0
20141018,2.0
20141019,2.0
20141020,2.0
20141021,2.0
20141022,2.0
20141023,2.0
20141024,2.0
20141025,2.0
20141026,2.0
20141027,2.0
20141028,2.0
20141029,2.0
20141030,2.0
20141031,2.0
20141101,2.0
20141102,2.0
20141103,2.0
20141104,2.0
20141105,2.0
20141106,2.0
20141107,2.0
20141108,2.0
20141109,2.0
20141110,2.0
20141111,2.0
20141112,2.0
20141113,2.0
20141114,2.0
20141115,2.0
20141116,2.0
20141117,2.0
20141118,2.0
20141119,2.0
20141120,2.0
20141121,2.0
20141122,2.0
20141123,2.0
20141124,2.0
20141125,2.0
20141126,2.0
20141127,2.0
20141128,2.0
20141129,2.0
20141130,2.0
20141201,2.0
20141202,2.0
20141203,2.0
20141204,2.0
20141205,2.0
20141206,2.0
20141207,2.0
20141208,2.0
20141209,2.0
20141210,2.0
20141211,2.0
20141212,2.0
20141213,2.0
20141214,2.0
20141215,2.0
20141216,2.0
20141217,2.0
20141218,2.0
20141219,2.0
20141220,2.0
20141221,2.0
20141222,2.0
20141223,2.0
20141224,2.0
20141225,2.0
20141226,2.0
20141227,2.0
20141228,2.0
20141229,2.0
20141230,2.0
20141231,2.0
20150101,2.0
20150102,2.0
20150103,2.0
20150104,2.0
20150105,2.0
20150106,2.0
20150107,2.0
20150108,2.0
20150109,2.0
20150110,2.0
20150111,2.0
20150112,2.0
20150113,2.0
20150114,2.0
20150115,2.0
20150116,2.0
20150117,2.0
20150118,2.0
20150119,2.0
20150120,2.0
20150121,2.0
20150122,2.0
20150123,2.0
20150124,2.0
20150125,2.0
20150126,2.0
20150127,2.0
20150128,2.0
20150129,2.0
20150130,2.0
20150131,2.0
20150201,2.0
20150202,2.0
20150203,2.0
20150204,2.0
20150205,2.0
20150206,2.0
20150207,2.0
20150208,2.0
20150209,2.0
20150210,2.0
20150211,2.0
20150212,2.0
20150213,2.0
20150214,2.0
20150215,2.0
20150216,2.0
20150217,2.0
20150218,2.0
20150219,2.0
20150220,2.0
20150221,2.0
20150222,2.0
20150223,2.0
20150224,2.0
20150225,2.0
20150226,2.0
20150227,2.0
20150228,2.0
20150301,2.0
20150302,2.0
20150303,2.0
20150304,2.0
20150305,2.0
20150306,2.0
20150307,2.0
20150308,2.0
20150309,2.0
20150310,2.0
20150311,2.0
20150312,1.75
20150313,1.75
20150314,1.75
20150315,1.75
20150316,1.75
20150317,1.75
20150318,1.75
20150319,1.75
20150320,1.75
20150321,1.75
20150322,1.75
20150323,1.75
20150324,1.75
20150325,1.75
20150326,1.75
20150327,1.75
20150328,1.75
20150329,1.75
20150330,1.75
20150331,1.75
20150401,1.75
20150402,1.75
20150403,1.75
20150404,1.75
20150405,1.75
20150406,1.75
20150407,1.75
20150408,1.75
20150409,1.75
20150410,1.75
20150411,1.75
20150412,1.75
20150413,1.75
20150414,1.75
20150415,1.75
20150416,1.75
20150417,1.75
20150418,1.75
20150419,1.75
20150420,1.75
20150421,1.75
20150422,1.75
20150423,1.75
20150424,1.75
20150425,1.75
20150426,1.75
20150427,1.75
20150428,1.75
20150429,1.75
20150430,1.75
20150501,1.75
20150502,1.75
20150503,1.75
20150504,1.75
20150505,1.75
20150506,1.75
20150507,1.75
20150508,1.75
20150509,1.75
20150510,1.75
20150511,1.75
20150512,1.75
20150513,1.75
20150514,1.75
20150515,1.75
20150516,1.75
20150517,1.75
20150518,1.75
20150519,1.75
20150520,1.75
20150521,1.75
20150522,1.75
20150523,1.75
20150524,1.75
20150525,1.75
20150526,1.75
20150527,1.75
20150528,1.75
20150529,1.75
20150530,1.75
20150531,1.75
20150601,1.75
20150602,1.75
20150603,1.75
20150604,1.75
20150605,1.75
20150606,1.75
20150607,1.75
20150608,1.75
20150609,1.75
20150610,1.75
20150611,1.5
20150612,1.5
20150613,1.5
20150614,1.5
20150615,1.5
20150616,1.5
20150617,1.5
20150618,1.5
20150619,1.5
20150620,1.5
20150621,1.5
20150622,1.5
20150623,1.5
20150624,1.5
20150625,1.5
20150626,1.5
20150627,1.5
20150628,1.5
20150629,1.5
20150630,1.5
20150701,1.5
20150702,1.5
20150703,1.5
20150704,1.5
20150705,1.5
20150706,1.5
20150707,1.5
20150708,1.5
20150709,1.5
20150710,1.5
20150711,1.5
20150712,1.5
20150713,1.5
20150714,1.5
20150715,1.5
20150716,1.5
20150717,1.5
20150718,1.5
20150719,1.5
20150720,1.5
20150721,1.5
20150722,1.5
20150723,1.5
20150724,1.5
20150725,1.5
20150726,1.5
20150727,1.5
20150728,1.5
20150729,1.5
20150730,1.5
20150731,1.5
20150801,1.5
20150802,1.5
20150803,1.5
20150804,1.5
20150805,1.5
20150806,1.5
20150807,1.5
20150808,1.5
20150809,1.5
20150810,1.5
20150811,1.5
20150812,1.5
20150813,1.5
20150814,1.5
20150815,1.5
20150816,1.5
20150817,1.5
20150818,1.5
20150819,1.5
20150820,1.5
20150821,1.5
20150822,1.5
20150823,1.5
20150824,1.5
20150825,1.5
20150826,1.5
20150827,1.5
20150828,1.5
20150829,1.5
20150830,1.5
20150831,1.5
20150901,1.5
20150902,1.5
20150903,1.5
20150904,1.5
20150905,1.5
20150906,1.5
20150907,1.5
20150908,1.5
20150909,1.5
20150910,1.5
20150911,1.5
20150912,1.5
20150913,1.5
20150914,1.5
20150915,1.5
20150916,1.5
20150917,1.5
20150918,1.5
20150919,1.5
20150920,1.5
20150921,1.5
20150922,1.5
20150923,1.5
20150924,1.5
20150925,1.5
20150926,1.5
20150927,1.5
20150928,1.5
20150929,1.5
20150930,1.5
20151001,1.5
20151002,1.5
20151003,1.5
20151004,1.5
20151005,1.5
20151006,1.5
20151007,1.5
20151008,1.5
20151009,1.5
20151010,1.5
20151011,1.5
20151012,1.5
20151013,1.5
20151014,1.5
20151015,1.5
20151016,1.5
20151017,1.5
20151018,1.5
20151019,1.5
20151020,1.5
20151021,1.5
20151022,1.5
20151023,1.5
20151024,1.5
20151025,1.5
20151026,1.5
20151027,1.5
20151028,1.5
20151029,1.5
20151030,1.5
20151101,1.5
20151102,1.5
20151103,1.5
20151104,1.5
20151105,1.5
20151106,1.5
20151107,1.5
20151108,1.5
20151109,1.5
20151110,1.5
20151111,1.5
20151112,1.5
20151113,1.5
20151114,1.5
20151115,1.5
20151116,1.5
20151117,1.5
20151118,1.5
20151119,1.5
20151120,1.5
20151121,1.5
20151122,1.5
20151123,1.5
20151124,1.5
20151125,1.5
20151126,1.5
20151127,1.5
20151128,1.5
20151129,1.5
20151130,1.5
20151201,1.5
20151202,1.5
20151203,1.5
20151204,1.5
20151205,1.5
20151206,1.5
20151207,1.5
20151208,1.5
20151209,1.5
20151210,1.5
20151211,1.5
20151212,1.5
20151213,1.5
20151214,1.5
20151215,1.5
20151216,1.5
20151217,1.5
20151218,1.5
20151219,1.5
20151220,1.5
20151221,1.5
20151222,1.5
20151223,1.5
20151224,1.5
20151225,1.5
20151226,1.5
20151227,1.5
20151228,1.5
20151229,1.5
20151230,1.5
20151231,1.5
20160101,1.5
20160102,1.5
20160103,1.5
20160104,1.5
20160105,1.5
20160106,1.5
20160107,1.5
20160108,1.5
20160109,1.5
20160110,1.5
20160111,1.5
20160112,1.5
20160113,1.5
20160114,1.5
20160115,1.5
20160116,1.5
20160117,1.5
20160118,1.5
20160119,1.5
20160120,1.5
20160121,1.5
20160122,1.5
20160123,1.5
20160124,1.5
20160125,1.5
20160126,1.5
20160127,1.5
20160128,1.5
20160129,1.5
20160130,1.5
20160131,1.5
20160201,1.5
20160202,1.5
20160203,1.5
20160204,1.5
20160205,1.5
20160206,1.5
20160207,1.5
20160208,1.5
20160209,1.5
20160210,1.5
20160211,1.5
20160212,1.5
20160213,1.5
20160214,1.5
20160215,1.5
20160216,1.5
20160217,1.5
20160218,1.5
20160219,1.5
20160220,1.5
20160221,1.5
20160222,1.5
20160223,1.5
20160224,1.5
20160225,1.5
20160226,1.5
20160227,1.5
20160228,1.5
20160229,1.5
20160301,1.5
20160302,1.5
20160303,1.5
20160304,1.5
20160305,1.5
20160306,1.5
20160307,1.5
20160308,1.5
20160309,1.5
20160310,1.5
20160311,1.5
20160312,1.5
20160313,1.5
20160314,1.5
20160315,1.5
20160316,1.5
20160317,1.5
20160318,1.5
20160319,1.5
20160320,1.5
20160321,1.5
20160322,1.5
20160323,1.5
20160324,1.5
20160325,1.5
20160326,1.5
20160327,1.5
20160328,1.5
20160329,1.5
20160330,1.5
20160331,1.5
20160401,1.5
20160402,1.5
20160403,1.5
20160404,1.5
20160405,1.5
20160406,1.5
20160407,1.5
20160408,1.5
20160409,1.5
20160410,1.5
20160411,1.5
20160412,1.5
20160413,1.5
20160414,1.5
20160415,1.5
20160416,1.5
20160417,1.5
20160418,1.5
20160419,1.5
20160420,1.5
20160421,1.5
20160422,1.5
20160423,1.5
20160424,1.5
20160425,1.5
20160426,1.5
20160427,1.5
20160428,1.5
20160429,1.5
20160430,1.5
20160501,1.5
20160502,1.5
20160503,1.5
20160504,1.5
20160505,1.5
20160506,1.5
20160507,1.5
20160508,1.5
20160509,1.5
20160510,1.5
20160511,1.5
20160512,1.5
20160513,1.5
20160514,1.5
20160515,1.5
20160516,1.5
20160517,1.5
20160518,1.5
20160519,1.5
20160520,1.5
20160521,1.5
20160522,1.5
20160523,1.5
20160524,1.5
20160525,1.5
20160526,1.5
20160527,1.5
20160528,1.5
20160529,1.5
20160530,1.5
20160531,1.5
20160601,1.5
20160602,1.5
20160603,1.5
20160604,1.5
20160605,1.5
20160606,1.5
20160607,1.5
20160608,1.5
20160609,1.25
20160610,1.25
20160611,1.25
20160612,1.25
20160613,1.25
20160614,1.25
20160615,1.25
20160616,1.25
20160617,1.25
20160618,1.25
20160619,1.25
20160620,1.25
20160621,1.25
20160622,1.25
20160623,1.25
20160624,1.25
20160625,1.25
20160626,1.25
20160627,1.25
20160628,1.25
20160629,1.25
20160630,1.25
20160701,1.25
20160702,1.25
20160703,1.25
20160704,1.25
20160705,1.25
20160706,1.25
20160707,1.25
20160708,1.25
20160709,1.25
20160710,1.25
20160711,1.25
20160712,1.25
20160713,1.25
20160714,1.25
20160715,1.25
20160716,1.25
20160717,1.25
20160718,1.25
20160719,1.25
20160720,1.25
20160721,1.25
20160722,1.25
20160723,1.25
20160724,1.25
20160725,1.25
20160726,1.25
20160727,1.25
20160728,1.25
20160729,1.25
20160730,1.25
20160731,1.25
20160801,1.25
20160802,1.25
20160803,1.25
20160804,1.25
20160805,1.25
20160806,1.25
20160807,1.25
20160808,1.25
20160809,1.25
20160810,1.25
20160811,1.25
20160812,1.25
20160813,1.25
20160814,1.25
20160815,1.25
20160816,1.25
20160817,1.25
20160818,1.25
20160819,1.25
20160820,1.25
20160821,1.25
20160822,1.25
20160823,1.25
20160824,1.25
20160825,1.25
20160826,1.25
20160827,1.25
20160828,1.25
20160829,1.25
20160830,1.25
20160831,1.25
20160901,1.25
20160902,1.25
20160903,1.25
20160904,1.25
20160905,1.25
20160906,1.25
20160907,1.25
20160908,1.25
20160909,1.25
20160910,1.25
20160911,1.25
20160912,1.25
20160913,1.25
20160914,1.25
20160915,1.25
20160916,1.25
20160917,1.25
20160918,1.25
20160919,1.25
20160920,1.25
20160921,1.25
20160922,1.25
20160923,1.25
20160924,1.25
20160925,1.25
20160926,1.25
20160927,1.25
20160928,1.25
20160929,1.25
20160930,1.25
20161001,1.25
20161002,1.25
20161003,1.25
20161004,1.25
20161005,1.25
20161006,1.25
20161007,1.25
20161008,1.25
20161009,1.25
20161010,1.25
20161011,1.25
20161012,1.25
20161013,1.25
20161014,1.25
20161015,1.25
20161016,1.25
20161017,1.25
20161018,1.25
20161019,1.25
20161020,1.25
20161021,1.25
20161022,1.25
20161023,1.25
20161024,1.25
20161025,1.25
20161026,1.25
20161027,1.25
20161028,1.25
20161029,1.25
20161030,1.25
20161031,1.25
20161101,1.25
20161102,1.25
20161103,1.25
20161104,1.25
20161105,1.25
20161106,1.25
20161107,1.25
20161108,1.25
20161109,1.25
20161110,1.25
20161111,1.25
20161112,1.25
20161113,1.25
20161114,1.25
20161115,1.25
20161116,1.25
20161117,1.25
20161118,1.25
20161119,1.25
20161120,1.25
20161121,1.25
20161122,1.25
20161123,1.25
20161124,1.25
20161125,1.25
20161126,1.25
20161127,1.25
20161128,1.25
20161129,1.25
20161130,1.25
20161201,1.25
20161202,1.25
20161203,1.25
20161204,1.25
20161205,1.25
20161206,1.25
20161207,1.25
20161208,1.25
20161209,1.25
20161210,1.25
20161211,1.25
20161212,1.25
20161213,1.25
20161214,1.25
20161215,1.25
20161216,1.25
20161217,1.25
20161218,1.25
20161219,1.25
20161220,1.25
20161221,1.25
20161222,1.25
20161223,1.25
20161224,1.25
20161225,1.25
20161226,1.25
20161227,1.25
20161228,1.25
20161229,1.25
20161230,1.25
20161231,1.25
20170101,1.25
20170102,1.25
20170103,1.25
20170104,1.25
20170105,1.25
20170106,1.25
20170107,1.25
20170108,1.25
20170109,1.25
20170110,1.25
20170111,1.25
20170112,1.25
20170113,1.25
20170114,1.25
20170115,1.25
20170116,1.25
20170117,1.25
20170118,1.25
20170119,1.25
20170120,1.25
20170121,1.25
20170122,1.25
20170123,1.25
20170124,1.25
20170125,1.25
20170126,1.25
20170127,1.25
20170128,1.25
20170129,1.25
20170130,1.25
20170131,1.25
20170201,1.25
20170202,1.25
20170203,1.25
20170204,1.25
20170205,1.25
20170206,1.25
20170207,1.25
20170208,1.25
20170209,1.25
20170210,1.25
20170211,1.25
20170212,1.25
20170213,1.25
20170214,1.25
20170215,1.25
20170216,1.25
20170217,1.25
20170218,1.25
20170219,1.25
20170220,1.25
20170221,1.25
20170222,1.25
20170223,1.25
20170224,1.25
20170225,1.25
20170226,1.25
20170227,1.25
20170228,1.25
20170301,1.25
20170302,1.25
20170303,1.25
20170304,1.25
20170305,1.25
20170306,1.25
20170307,1.25
20170308,1.25
20170309,1.25
20170310,1.25
20170311,1.25
20170312,1.25
20170313,1.25
20170314,1.25
20170315,1.25
20170316,1.25
20170317,1.25
20170318,1.25
20170319,1.25
20170320,1.25
20170321,1.25
20170322,1.25
20170323,1.25
20170324,1.25
20170325,1.25
20170326,1.25
20170327,1.25
20170328,1.25
20170329,1.25
20170330,1.25
20170331,1.25
20170401,1.25
20170402,1.25
20170403,1.25
20170404,1.25
20170405,1.25
20170406,1.25
20170407,1.25
20170408,1.25
20170409,1.25
20170410,1.25
20170411,1.25
20170412,1.25
20170413,1.25
20170414,1.25
20170415,1.25
20170416,1.25
20170417,1.25
20170418,1.25
20170419,1.25
20170420,1.25
20170421,1.25
20170422,1.25
20170423,1.25
20170424,1.25
20170425,1.25
20170426,1.25
20170427,1.25
20170428,1.25
20170429,1.25
20170430,1.25
20170501,1.25
20170502,1.25
20170503,1.25
20170504,1.25
20170505,1.25
20170506,1.25
20170507,1.25
20170508,1.25
20170509,1.25
20170510,1.25
20170511,1.25
20170512,1.25
20170513,1.25
20170514,1.25
20170515,1.25
20170516,1.25
20170517,1.25
20170518,1.25
20170519,1.25
20170520,1.25
20170521,1.25
20170522,1.25
20170523,1.25
20170524,1.25
20170525,1.25
20170526,1.25
20170527,1.25
20170528,1.25
20170529,1.25
20170530,1.25
20170531,1.25
20170601,1.25
20170602,1.25
20170603,1.25
20170604,1.25
20170605,1.25
20170606,1.25
20170607,1.25
20170608,1.25
20170609,1.25
20170610,1.25
20170611,1.25
20170612,1.25
20170613,1.25
20170614,1.25
20170615,1.25
20170616,1.25
20170617,1.25
20170618,1.25
20170619,1.25
20170620,1.25
20170621,1.25
20170622,1.25
20170623,1.25
20170624,1.25
20170625,1.25
20170626,1.25
20170627,1.25
20170628,1.25
20170629,1.25
20170630,1.25
20170701,1.25
20170702,1.25
20170703,1.25
20170704,1.25
20170705,1.25
20170706,1.25
20170707,1.25
20170708,1.25
20170709,1.25
20170710,1.25
20170711,1.25
20170712,1.25
20170713,1.25
20170714,1.25
20170715,1.25
20170716,1.25
20170717,1.25
20170718,1.25
20170719,1.25
20170720,1.25
20170721,1.25
20170722,1.25
20170723,1.25
20170724,1.25
20170725,1.25
20170726,1.25
20170727,1.25
20170728,1.25
20170729,1.25
20170730,1.25
20170731,1.25
20170801,1.25
20170802,1.25
20170803,1.25
20170804,1.25
20170805,1.25
20170806,1.25
20170807,1.25
20170808,1.25
20170809,1.25
20170810,1.25
20170811,1.25
20170812,1.25
20170813,1.25
20170814,1.25
20170815,1.25
20170816,1.25
20170817,1.25
20170818,1.25
20170819,1.25
20170820,1.25
20170821,1.25
20170822,1.25
20170823,1.25
20170824,1.25
20170825,1.25
20170826,1.25
20170827,1.25
20170828,1.25
20170829,1.25
20170830,1.25
20170831,1.25
20170901,1.25
20170902,1.25
20170903,1.25
20170904,1.25
20170905,1.25
20170906,1.25
20170907,1.25
20170908,1.25
20170909,1.25
20170910,1.25
20170911,1.25
20170912,1.25
20170913,1.25
20170914,1.25
20170915,1.25
20170916,1.25
20170917,1.25
20170918,1.25
20170919,1.25
20170920,1.25
20170921,1.25
20170922,1.25
20170923,1.25
20170924,1.25
20170925,1.25
20170926,1.25
20170927,1.25
20170928,1.25
20170929,1.25
20170930,1.25
20171001,1.25
20171002,1.25
20171003,1.25
20171004,1.25
20171005,1.25
20171006,1.25
20171007,1.25
20171008,1.25
20171009,1.25
20171010,1.25
20171011,1.25
20171012,1.25
20171013,1.25
20171014,1.25
20171015,1.25
20171016,1.25
20171017,1.25
20171018,1.25
20171019,1.25
20171020,1.25
20171021,1.25
20171022,1.25
20171023,1.25
20171024,1.25
20171025,1.25
20171026,1.25
20171027,1.25
20171028,1.25
20171029,1.25
20171030,1.25
20171031,1.25
20171101,1.25
20171102,1.25
20171103,1.25
20171104,1.25
20171105,1.25
20171106,1.25
20171107,1.25
20171108,1.25
20171109,1.25
20171110,1.25
20171111,1.25
20171112,1.25
20171113,1.25
20171114,1.25
20171115,1.25
20171116,1.25
20171117,1.25
20171118,1.25
20171119,1.25
20171120,1.25
20171121,1.25
20171122,1.25
20171123,1.25
20171124,1.25
20171125,1.25
20171126,1.25
20171127,1.25
20171128,1.25
20171129,1.25
20171130,1.5
20171201,1.5
20171202,1.5
20171203,1.5
20171204,1.5
20171205,1.5
20171206,1.5
20171207,1.5
20171208,1.5
20171209,1.5
20171210,1.5
20171211,1.5
20171212,1.5
20171213,1.5
20171214,1.5
20171215,1.5
20171216,1.5
20171217,1.5
20171218,1.5
20171219,1.5
20171220,1.5
20171221,1.5
20171222,1.5
20171223,1.5
20171224,1.5
20171225,1.5
20171226,1.5
20171227,1.5
20171228,1.5
20171229,1.5
20171230,1.5
20171231,1.5
20180101,1.5
20180102,1.5
20180103,1.5
20180104,1.5
20180105,1.5
20180106,1.5
20180107,1.5
20180108,1.5
20180109,1.5
20180110,1.5
20180111,1.5
20180112,1.5
20180113,1.5
20180114,1.5
20180115,1.5
20180116,1.5
20180117,1.5
20180118,1.5
20180119,1.5
20180120,1.5
20180121,1.5
20180122,1.5
20180123,1.5
20180124,1.5
20180125,1.5
20180126,1.5
20180127,1.5
20180128,1.5
20180129,1.5
20180130,1.5
20180131,1.5
20180201,1.5
20180202,1.5
20180203,1.5
20180204,1.5
20180205,1.5
20180206,1.5
20180207,1.5
20180208,1.5
20180209,1.5
20180210,1.5
20180211,1.5
20180212,1.5
20180213,1.5
20180214,1.5
20180215,1.5
20180216,1.5
20180217,1.5
20180218,1.5
20180219,1.5
20180220,1.5
20180221,1.5
20180222,1.5
20180223,1.5
20180224,1.5
20180225,1.5
20180226,1.5
20180227,1.5
20180228,1.5
20180301,1.5
20180302,1.5
20180303,1.5
20180304,1.5
20180305,1.5
20180306,1.5
20180307,1.5
20180308,1.5
20180309,1.5
20180310,1.5
20180311,1.5
20180312,1.5
20180313,1.5
20180314,1.5
20180315,1.5
20180316,1.5
20180317,1.5
20180318,1.5
20180319,1.5
20180320,1.5
20180321,1.5
20180322,1.5
20180323,1.5
20180324,1.5
20180325,1.5
20180326,1.5
20180327,1.5
20180328,1.5
20180329,1.5
20180330,1.5
20180331,1.5
20180401,1.5
20180402,1.5
20180403,1.5
20180404,1.5
20180405,1.5
20180406,1.5
20180407,1.5
20180408,1.5
20180409,1.5
20180410,1.5
20180411,1.5
20180412,1.5
20180413,1.5
20180414,1.5
20180415,1.5
20180416,1.5
20180417,1.5
20180418,1.5
20180419,1.5
20180420,1.5
20180421,1.5
20180422,1.5
20180423,1.5
20180424,1.5
20180425,1.5
20180426,1.5
20180427,1.5
20180428,1.5
20180429,1.5
20180430,1.5
20180501,1.5
20180502,1.5
20180503,1.5
20180504,1.5
20180505,1.5
20180506,1.5
20180507,1.5
20180508,1.5
20180509,1.5
20180510,1.5
20180511,1.5
20180512,1.5
20180513,1.5
20180514,1.5
20180515,1.5
20180516,1.5
20180517,1.5
20180518,1.5
20180519,1.5
20180520,1.5
20180521,1.5
20180522,1.5
20180523,1.5
20180524,1.5
20180525,1.5
20180526,1.5
20180527,1.5
20180528,1.5
20180529,1.5
20180530,1.5
20180531,1.5
20180601,1.5
20180602,1.5
20180603,1.5
20180604,1.5
20180605,1.5
20180606,1.5
20180607,1.5
20180608,1.5
20180609,1.5
20180610,1.5
20180611,1.5
20180612,1.5
20180613,1.5
20180614,1.5
20180615,1.5
20180616,1.5
20180617,1.5
20180618,1.5
20180619,1.5
20180620,1.5
20180621,1.5
20180622,1.5
20180623,1.5
20180624,1.5
20180625,1.5
20180626,1.5
20180627,1.5
20180628,1.5
20180629,1.5
20180630,1.5
20180701,1.5
20180702,1.5
20180703,1.5
20180704,1.5
20180705,1.5
20180706,1.5
20180707,1.5
20180708,1.5
20180709,1.5
20180710,1.5
20180711,1.5
20180712,1.5
20180713,1.5
20180714,1.5
20180715,1.5
20180716,1.5
20180717,1.5
20180718,1.5
20180719,1.5
20180720,1.5
20180721,1.5
20180722,1.5
20180723,1.5
20180724,1.5
20180725,1.5
20180726,1.5
20180727,1.5
20180728,1.5
20180729,1.5
20180730,1.5
20180731,1.5
20180801,1.5
20180802,1.5
20180803,1.5
20180804,1.5
20180805,1.5
20180806,1.5
20180807,1.5
20180808,1.5
20180809,1.5
20180810,1.5
20180811,1.5
20180812,1.5
20180813,1.5
20180814,1.5
20180815,1.5
20180816,1.5
20180817,1.5
20180818,1.5
20180819,1.5
20180820,1.5
20180821,1.5
20180822,1.5
20180823,1.5
20180824,1.5
20180825,1.5
20180826,1.5
20180827,1.5
20180828,1.5
20180829,1.5
20180830,1.5
20180831,1.5
20180901,1.5
20180902,1.5
20180903,1.5
20180904,1.5
20180905,1.5
20180906,1.5
20180907,1.5
20180908,1.5
20180909,1.5
20180910,1.5
20180911,1.5
20180912,1.5
20180913,1.5
20180914,1.5
20180915,1.5
20180916,1.5
20180917,1.5
20180918,1.5
20180919,1.5
20180920,1.5
20180921,1.5
20180922,1.5
20180923,1.5
20180924,1.5
20180925,1.5
20180926,1.5
20180927,1.5
20180928,1.5
20180929,1.5
20180930,1.5
20181001,1.5
20181002,1.5
20181003,1.5
20181004,1.5
20181005,1.5
20181006,1.5
20181007,1.5
20181008,1.5
20181009,1.5
20181010,1.5
20181011,1.5
20181012,1.5
20181013,1.5
20181014,1.5
20181015,1.5
20181016,1.5
20181017,1.5
20181018,1.5
20181019,1.5
20181020,1.5
20181021,1.5
20181022,1.5
20181023,1.5
20181024,1.5
20181025,1.5
20181026,1.5
20181027,1.5
20181028,1.5
20181029,1.5
20181030,1.5
20181031,1.5
20181101,1.5
20181102,1.5
20181103,1.5
20181104,1.5
20181105,1.5
20181106,1.5
20181107,1.5
20181108,1.5
20181109,1.5
20181110,1.5
20181111,1.5
20181112,1.5
20181113,1.5
20181114,1.5
20181115,1.5
20181116,1.5
20181117,1.5
20181118,1.5
20181119,1.5
20181120,1.5
20181121,1.5
20181122,1.5
20181123,1.5
20181124,1.5
20181125,1.5
20181126,1.5
20181127,1.5
20181128,1.5
20181129,1.5
20181130,1.75
20181201,1.75
20181202,1.75
20181203,1.75
20181204,1.75
20181205,1.75
20181206,1.75
20181207,1.75
20181208,1.75
20181209,1.75
20181210,1.75
20181211,1.75
20181212,1.75
20181213,1.75
20181214,1.75
20181215,1.75
20181216,1.75
20181217,1.75
20181218,1.75
20181219,1.75
20181220,1.75
20181221,1.75
20181222,1.75
20181223,1.75
20181224,1.75
20181225,1.75
20181226,1.75
20181227,1.75
20181228,1.75
20181229,1.75
20181230,1.75
20181231,1.75
20190101,1.75
20190102,1.75
20190103,1.75
20190104,1.75
20190105,1.75
20190106,1.75
20190107,1.75
20190108,1.75
20190109,1.75
20190110,1.75
20190111,1.75
20190112,1.75
20190113,1.75
20190114,1.75
20190115,1.75
20190116,1.75
20190117,1.75
20190118,1.75
20190119,1.75
20190120,1.75
20190121,1.75
20190122,1.75
20190123,1.75
20190124,1.75
20190125,1.75
20190126,1.75
20190127,1.75
20190128,1.75
20190129,1.75
20190130,1.75
20190131,1.75
20190201,1.75
20190202,1.75
20190203,1.75
20190204,1.75
20190205,1.75
20190206,1.75
20190207,1.75
20190208,1.75
20190209,1.75
20190210,1.75
20190211,1.75
20190212,1.75
20190213,1.75
20190214,1.75
20190215,1.75
20190216,1.75
20190217,1.75
20190218,1.75
20190219,1.75
20190220,1.75
20190221,1.75
20190222,1.75
20190223,1.75
20190224,1.75
20190225,1.75
20190226,1.75
20190227,1.75
20190228,1.75
20190301,1.75
20190302,1.75
20190303,1.75
20190304,1.75
20190305,1.75
20190306,1.75
20190307,1.75
20190308,1.75
20190309,1.75
20190310,1.75
20190311,1.75
20190312,1.75
20190313,1.75
20190314,1.75
20190315,1.75
20190316,1.75
20190317,1.75
20190318,1.75
20190319,1.75
20190320,1.75
20190321,1.75
20190322,1.75
20190323,1.75
20190324,1.75
20190325,1.75
20190326,1.75
20190327,1.75
20190328,1.75
20190329,1.75
20190330,1.75
20190331,1.75
20190401,1.75
20190402,1.75
20190403,1.75
20190404,1.75
20190405,1.75
20190406,1.75
20190407,1.75
20190408,1.75
20190409,1.75
20190410,1.75
20190411,1.75
20190412,1.75
20190413,1.75
20190414,1.75
20190415,1.75
20190416,1.75
20190417,1.75
20190418,1.75
20190419,1.75
20190420,1.75
20190421,1.75
20190422,1.75
20190423,1.75
20190424,1.75
20190425,1.75
20190426,1.75
20190427,1.75
20190428,1.75
20190429,1.75
20190430,1.75
20190501,1.75
20190502,1.75
20190503,1.75
20190504,1.75
20190505,1.75
20190506,1.75
20190507,1.75
20190508,1.75
20190509,1.75
20190510,1.75
20190511,1.75
20190512,1.75
20190513,1.75
20190514,1.75
20190515,1.75
20190516,1.75
20190517,1.75
20190518,1.75
20190519,1.75
20190520,1.75
20190521,1.75
20190522,1.75
20190523,1.75
20190524,1.75
20190525,1.75
20190526,1.75
20190527,1.75
20190528,1.75
20190529,1.75
20190530,1.75
20190531,1.75
20190601,1.75
20190602,1.75
20190603,1.75
20190604,1.75
20190605,1.75
20190606,1.75
20190607,1.75
20190608,1.75
20190609,1.75
20190610,1.75
20190611,1.75
20190612,1.75
20190613,1.75
20190614,1.75
20190615,1.75
20190616,1.75
20190617,1.75
20190618,1.75
20190619,1.75
20190620,1.75
20190621,1.75
20190622,1.75
20190623,1.75
20190624,1.75
20190625,1.75
20190626,1.75
20190627,1.75
20190628,1.75
20190629,1.75
20190630,1.75
20190701,1.75
20190702,1.75
20190703,1.75
20190704,1.75
20190705,1.75
20190706,1.75
20190707,1.75
20190708,1.75
20190709,1.75
20190710,1.75
20190711,1.75
20190712,1.75
20190713,1.75
20190714,1.75
20190715,1.75
20190716,1.75
20190717,1.75
20190718,1.5
20190719,1.5
20190720,1.5
20190721,1.5
20190722,1.5
20190723,1.5
20190724,1.5
20190725,1.5
20190726,1.5
20190727,1.5
20190728,1.5
20190729,1.5
20190730,1.5
20190731,1.5
20190801,1.5
20190802,1.5
20190803,1.5
20190804,1.5
20190805,1.5
20190806,1.5
20190807,1.5
20190808,1.5
20190809,1.5
20190810,1.5
20190811,1.5
20190812,1.5
20190813,1.5
20190814,1.5
20190815,1.5
20190816,1.5
20190817,1.5
20190818,1.5
20190819,1.5
20190820,1.5
20190821,1.5
20190822,1.5
20190823,1.5
20190824,1.5
20190825,1.5
20190826,1.5
20190827,1.5
20190828,1.5
20190829,1.5
20190830,1.5
20190831,1.5
20190901,1.5
20190902,1.5
20190903,1.5
20190904,1.5
20190905,1.5
20190906,1.5
20190907,1.5
20190908,1.5
20190909,1.5
20190910,1.5
20190911,1.5
20190912,1.5
20190913,1.5
20190914,1.5
20190915,1.5
20190916,1.5
20190917,1.5
20190918,1.5
20190919,1.5
20190920,1.5
20190921,1.5
20190922,1.5
20190923,1.5
20190924,1.5
20190925,1.5
20190926,1.5
20190927,1.5
20190928,1.5
20190929,1.5
20190930,1.5
20191001,1.5
20191002,1.5
20191003,1.5
20191004,1.5
20191005,1.5
20191006,1.5
20191007,1.5
20191008,1.5
20191009,1.5
20191010,1.5
20191011,1.5
20191012,1.5
20191013,1.5
20191014,1.5
20191015,1.5
20191016,1.25
20191017,1.25
20191018,1.25
20191019,1.25
20191020,1.25
20191021,1.25
20191022,1.25
20191023,1.25
20191024,1.25
20191025,1.25
20191026,1.25
20191027,1.25
20191028,1.25
20191029,1.25
20191030,1.25
20191031,1.25
20191101,1.25
20191102,1.25
20191103,1.25
20191104,1.25
20191105,1.25
20191106,1.25
20191107,1.25
20191108,1.25
20191109,1.25
20191110,1.25
20191111,1.25
20191112,1.25
20191113,1.25
20191114,1.25
20191115,1.25
20191116,1.25
20191117,1.25
20191118,1.25
20191119,1.25
20191120,1.25
20191121,1.25
20191122,1.25
20191123,1.25
20191124,1.25
20191125,1.25
20191126,1.25
20191127,1.25
20191128,1.25
20191129,1.25
20191130,1.25
20191201,1.25
20191202,1.25
20191203,1.25
20191204,1.25
20191205,1.25
20191206,1.25
20191207,1.25
20191208,1.25
20191209,1.25
20191210,1.25
20191211,1.25
20191212,1.25
20191213,1.25
20191214,1.25
20191215,1.25
20191216,1.25
20191217,1.25
20191218,1.25
20191219,1.25
20191220,1.25
20191221,1.25
20191222,1.25
20191223,1.25
20191224,1.25
20191225,1.25
20191226,1.25
20191227,1.25
20191228,1.25
20191229,1.25
20191230,1.25
20191231,1.25
20200101,1.25
20200102,1.25
20200103,1.25
20200104,1.25
20200105,1.25
20200106,1.25
20200107,1.25
20200108,1.25
20200109,1.25
20200110,1.25
20200111,1.25
20200112,1.25
20200113,1.25
20200114,1.25
20200115,1.25
20200116,1.25
20200117,1.25
20200118,1.25
20200119,1.25
20200120,1.25
20200121,1.25
20200122,1.25
20200123,1.25
20200124,1.25
20200125,1.25
20200126,1.25
20200127,1.25
20200128,1.25
20200129,1.25
20200130,1.25
20200131,1.25
20200201,1.25
20200202,1.25
20200203,1.25
20200204,1.25
20200205,1.25
20200206,1.25
20200207,1.25
20200208,1.25
20200209,1.25
20200210,1.25
20200211,1.25
20200212,1.25
20200213,1.25
20200214,1.25
20200215,1.25
20200216,1.25
20200217,1.25
20200218,1.25
20200219,1.25
20200220,1.25
20200221,1.25
20200222,1.25
20200223,1.25
20200224,1.25
20200225,1.25
20200226,1.25
20200227,1.25
20200228,1.25
20200229,1.25
20200301,1.25
20200302,1.25
20200303,1.25
20200304,1.25
20200305,1.25
20200306,1.25
20200307,1.25
20200308,1.25
20200309,1.25
20200310,1.25
20200311,1.25
20200312,1.25
20200313,1.25
20200314,1.25
20200315,1.25
20200316,1.25
20200317,0.75
20200318,0.75
20200319,0.75
20200320,0.75
20200321,0.75
20200322,0.75
20200323,0.75
20200324,0.75
20200325,0.75
20200326,0.75
20200327,0.75
20200328,0.75
20200329,0.75
20200330,0.75
20200331,0.75
20200401,0.75
20200402,0.75
20200403,0.75
20200404,0.75
20200405,0.75
20200406,0.75
20200407,0.75
20200408,0.75
20200409,0.75
20200410,0.75
20200411,0.75
20200412,0.75
20200413,0.75
20200414,0.75
20200415,0.75
20200416,0.75
20200417,0.75
20200418,0.75
20200419,0.75
20200420,0.75
20200421,0.75
20200422,0.75
20200423,0.75
20200424,0.75
20200425,0.75
20200426,0.75
20200427,0.75
20200428,0.75
20200429,0.75
20200430,0.75
20200501,0.75
20200502,0.75
20200503,0.75
20200504,0.75
20200505,0.75
20200506,0.75
20200507,0.75
20200508,0.75
20200509,0.75
20200510,0.75
20200511,0.75
20200512,0.75
20200513,0.75
20200514,0.75
20200515,0.75
20200516,0.75
20200517,0.75
20200518,0.75
20200519,0.75
20200520,0.75
20200521,0.75
20200522,0.75
20200523,0.75
20200524,0.75
20200525,0.75
20200526,0.75
20200527,0.75
20200528,0.5
20200529,0.5
20200530,0.5
20200531,0.5
20200601,0.5
20200602,0.5
20200603,0.5
20200604,0.5
20200605,0.5
20200606,0.5
20200607,0.5
20200608,0.5
20200609,0.5
20200610,0.5
20200611,0.5
20200612,0.5
20200613,0.5
20200614,0.5
20200615,0.5
20200616,0.5
20200617,0.5
20200618,0.5
20200619,0.5
20200620,0.5
20200621,0.5
20200622,0.5
20200623,0.5
20200624,0.5
20200625,0.5
20200626,0.5
20200627,0.5
20200628,0.5
20200629,0.5
20200630,0.5
20200701,0.5
20200702,0.5
20200703,0.5
20200704,0.5
20200705,0.5
20200706,0.5
20200707,0.5
20200708,0.5
20200709,0.5
20200710,0.5
20200711,0.5
20200712,0.5
20200713,0.5
20200714,0.5
20200715,0.5
20200716,0.5
20200717,0.5
20200718,0.5
20200719,0.5
20200720,0.5
20200721,0.5
20200722,0.5
20200723,0.5
20200724,0.5
20200725,0.5
20200726,0.5
20200727,0.5
20200728,0.5
20200729,0.5
20200730,0.5
20200731,0.5
20200801,0.5
20200802,0.5
20200803,0.5
20200804,0.5
20200805,0.5
20200806,0.5
20200807,0.5
20200808,0.5
20200809,0.5
20200810,0.5
20200811,0.5
20200812,0.5
20200813,0.5
20200814,0.5
20200815,0.5
20200816,0.5
20200817,0.5
20200818,0.5
20200819,0.5
20200820,0.5
20200821,0.5
20200822,0.5
20200823,0.5
20200824,0.5
20200825,0.5
20200826,0.5
20200827,0.5
20200828,0.5
20200829,0.5
20200830,0.5
20200831,0.5
20200901,0.5
20200902,0.5
20200903,0.5
20200904,0.5
20200905,0.5
20200906,0.5
20200907,0.5
20200908,0.5
20200909,0.5
20200910,0.5
20200911,0.5
20200912,0.5
20200913,0.5
20200914,0.5
20200915,0.5
20200916,0.5
20200917,0.5
20200918,0.5
20200919,0.5
20200920,0.5
20200921,0.5
20200922,0.5
20200923,0.5
20200924,0.5
20200925,0.5
20200926,0.5
20200927,0.5
20200928,0.5
20200929,0.5
20200930,0.5
20201001,0.5
20201002,0.5
20201003,0.5
20201004,0.5
20201005,0.5
20201006,0.5
20201007,0.5
20201008,0.5
20201009,0.5
20201010,0.5
20201011,0.5
20201012,0.5
20201013,0.5
20201014,0.5
20201015,0.5
20201016,0.5
20201017,0.5
20201018,0.5
20201019,0.5
20201020,0.5
20201021,0.5
20201022,0.5
20201023,0.5
20201024,0.5
20201025,0.5
20201026,0.5
20201027,0.5
20201028,0.5
20201029,0.5
20201030,0.5
20201031,0.5
20201101,0.5
20201102,0.5
20201103,0.5
20201104,0.5
20201105,0.5
20201106,0.5
20201107,0.5
20201108,0.5
20201109,0.5
20201110,0.5
20201111,0.5
20201112,0.5
20201113,0.5
20201114,0.5
20201115,0.5
20201116,0.5
20201117,0.5
20201118,0.5
20201119,0.5
20201120,0.5
20201121,0.5
20201122,0.5
20201123,0.5
20201124,0.5
20201125,0.5
20201126,0.5
20201127,0.5
20201128,0.5
20201129,0.5
20201130,0.5
20201201,0.5
20201202,0.5
20201203,0.5
20201204,0.5
20201205,0.5
20201206,0.5
20201207,0.5
20201208,0.5
20201209,0.5
20201210,0.5
20201211,0.5
20201212,0.5
20201213,0.5
20201214,0.5
20201215,0.5
20201216,0.5
20201217,0.5
20201218,0.5
20201219,0.5
20201220,0.5
20201221,0.5
20201222,0.5
20201223,0.5
20201224,0.5
20201225,0.5
20201226,0.5
20201227,0.5
20201228,0.5
20201229,0.5
20201230,0.5
20201231,0.5
20210101,0.5
20210102,0.5
20210103,0.5
20210104,0.5
20210105,0.5
20210106,0.5
20210107,0.5
20210108,0.5
20210109,0.5
20210110,0.5
20210111,0.5
20210112,0.5
20210113,0.5
20210114,0.5
20210115,0.5
20210116,0.5
20210117,0.5
20210118,0.5
20210119,0.5
20210120,0.5
20210121,0.5
20210122,0.5
20210123,0.5
20210124,0.5
20210125,0.5
20210126,0.5
20210127,0.5
20210128,0.5
20210129,0.5
20210130,0.5
20210131,0.5
20210201,0.5
20210202,0.5
20210203,0.5
20210204,0.5
20210205,0.5
20210206,0.5
20210207,0.5
20210208,0.5
20210209,0.5
20210210,0.5
20210211,0.5
20210212,0.5
20210213,0.5
20210214,0.5
20210215,0.5
20210216,0.5
20210217,0.5
20210218,0.5
20210219,0.5
20210220,0.5
20210221,0.5
20210222,0.5
20210223,0.5
20210224,0.5
20210225,0.5
20210226,0.5
20210227,0.5
20210228,0.5
20210301,0.5
20210302,0.5
20210303,0.5
20210304,0.5
20210305,0.5
20210306,0.5
20210307,0.5
20210308,0.5
20210309,0.5
20210310,0.5
20210311,0.5
20210312,0.5
20210313,0.5
20210314,0.5
20210315,0.5
20210316,0.5
20210317,0.5
20210318,0.5
20210319,0.5
20210320,0.5
20210321,0.5
20210322,0.5
20210323,0.5
20210324,0.5
20210325,0.5
20210326,0.5
20210327,0.5
20210328,0.5
20210329,0.5
20210330,0.5
20210331,0.5
20210401,0.5
20210402,0.5
20210403,0.5
20210404,0.5
20210405,0.5
20210406,0.5
20210407,0.5
20210408,0.5
20210409,0.5
20210410,0.5
20210411,0.5
20210412,0.5
20210413,0.5
20210414,0.5
20210415,0.5
20210416,0.5
20210417,0.5
20210418,0.5
20210419,0.5
20210420,0.5
20210421,0.5
20210422,0.5
20210423,0.5
20210424,0.5
20210425,0.5
20210426,0.5
20210427,0.5
20210428,0.5
20210429,0.5
20210430,0.5
20210501,0.5
20210502,0.5
20210503,0.5
20210504,0.5
20210505,0.5
20210506,0.5
20210507,0.5
20210508,0.5
20210509,0.5
20210510,0.5
20210511,0.5
20210512,0.5
20210513,0.5
20210514,0.5
20210515,0.5
20210516,0.5
20210517,0.5
20210518,0.5
20210519,0.5
20210520,0.5
20210521,0.5
20210522,0.5
20210523,0.5
20210524,0.5
20210525,0.5
20210526,0.5
20210527,0.5
20210528,0.5
20210529,0.5
20210530,0.5
20210531,0.5
20210601,0.5
20210602,0.5
20210603,0.5
20210604,0.5
20210605,0.5
20210606,0.5
20210607,0.5
20210608,0.5
20210609,0.5
20210610,0.5
20210611,0.5
20210612,0.5
20210613,0.5
20210614,0.5
20210615,0.5
20210616,0.5
20210617,0.5
20210618,0.5
20210619,0.5
20210620,0.5
20210621,0.5
20210622,0.5
20210623,0.5
20210624,0.5
20210625,0.5
20210626,0.5
20210627,0.5
20210628,0.5
20210629,0.5
20210630,0.5
20210701,0.5
20210702,0.5
20210703,0.5
20210704,0.5
20210705,0.5
20210706,0.5
20210707,0.5
20210708,0.5
20210709,0.5
20210710,0.5
20210711,0.5
20210712,0.5
20210713,0.5
20210714,0.5
20210715,0.5
20210716,0.5
20210717,0.5
20210718,0.5
20210719,0.5
20210720,0.5
20210721,0.5
20210722,0.5
20210723,0.5
20210724,0.5
20210725,0.5
20210726,0.5
20210727,0.5
20210728,0.5
20210729,0.5
20210730,0.5
20210731,0.5
20210801,0.5
20210802,0.5
20210803,0.5
20210804,0.5
20210805,0.5
20210806,0.5
20210807,0.5
20210808,0.5
20210809,0.5
20210810,0.5
20210811,0.5
20210812,0.5
20210813,0.5
20210814,0.5
20210815,0.5
20210816,0.5
20210817,0.5
20210818,0.5
20210819,0.5
20210820,0.5
20210821,0.5
20210822,0.5
20210823,0.5
20210824,0.5
20210825,0.5
20210826,0.75
20210827,0.75
20210828,0.75
20210829,0.75
20210830,0.75
20210831,0.75
20210901,0.75
20210902,0.75
20210903,0.75
20210904,0.75
20210905,0.75
20210906,0.75
20210907,0.75
20210908,0.75
20210909,0.75
20210910,0.75
20210911,0.75
20210912,0.75
20210913,0.75
20210914,0.75
20210915,0.75
20210916,0.75
20210917,0.75
20210918,0.75
20210919,0.75
20210920,0.75
20210921,0.75
20210922,0.75
20210923,0.75
20210924,0.75
20210925,0.75
20210926,0.75
20210927,0.75
20210928,0.75
20210929,0.75
20210930,0.75
20211001,0.75
20211002,0.75
20211003,0.75
20211004,0.75
20211005,0.75
20211006,0.75
20211007,0.75
20211008,0.75
20211009,0.75
20211010,0.75
20211011,0.75
20211012,0.75
20211013,0.75
20211014,0.75
20211015,0.75
20211016,0.75
20211017,0.75
20211018,0.75
20211019,0.75
20211020,0.75
20211021,0.75
20211022,0.75
20211023,0.75
20211024,0.75
20211025,0.75
20211026,0.75
20211027,0.75
20211028,0.75
20211029,0.75
20211030,0.75
20211031,0.75
20211101,0.75
20211102,0.75
20211103,0.75
20211104,0.75
20211105,0.75
20211106,0.75
20211107,0.75
20211108,0.75
20211109,0.75
20211110,0.75
20211111,0.75
20211112,0.75
20211113,0.75
20211114,0.75
20211115,0.75
20211116,0.75
20211117,0.75
20211118,0.75
20211119,0.75
20211120,0.75
20211121,0.75
20211122,0.75
20211123,0.75
20211124,0.75
20211125,1.0
20211126,1.0
20211127,1.0
20211128,1.0
20211129,1.0
20211130,1.0
20211201,1.0
20211202,1.0
20211203,1.0
20211204,1.0
20211205,1.0
20211206,1.0
20211207,1.0
20211208,1.0
20211209,1.0
20211210,1.0
20211211,1.0
20211212,1.0
20211213,1.0
20211214,1.0
20211215,1.0
20211216,1.0
20211217,1.0
20211218,1.0
20211219,1.0
20211220,1.0
20211221,1.0
20211222,1.0
20211223,1.0
20211224,1.0
20211225,1.0
20211226,1.0
20211227,1.0
20211228,1.0
20211229,1.0
20211230,1.0
20211231,1.0
20220101,1.0
20220102,1.0
20220103,1.0
20220104,1.0
20220105,1.0
20220106,1.0
20220107,1.0
20220108,1.0
20220109,1.0
20220110,1.0
20220111,1.0
20220112,1.0
20220113,1.0
20220114,1.25
20220115,1.25
20220116,1.25
20220117,1.25
20220118,1.25
20220119,1.25
20220120,1.25
20220121,1.25
20220122,1.25
20220123,1.25
20220124,1.25
20220125,1.25
20220126,1.25
20220127,1.25
20220128,1.25
20220129,1.25
20220130,1.25
20220131,1.25
20220201,1.25
20220202,1.25
20220203,1.25
20220204,1.25
20220205,1.25
20220206,1.25
20220207,1.25
20220208,1.25
20220209,1.25
20220210,1.25
20220211,1.25
20220212,1.25
20220213,1.25
20220214,1.25
20220215,1.25
20220216,1.25
20220217,1.25
20220218,1.25
20220219,1.25
20220220,1.25
20220221,1.25
20220222,1.25
20220223,1.25
20220224,1.25
20220225,1.25
20220226,1.25
20220227,1.25
20220228,1.25
20220301,1.25
20220302,1.25
20220303,1.25
20220304,1.25
20220305,1.25
20220306,1.25
20220307,1.25
20220308,1.25
20220309,1.25
20220310,1.25
20220311,1.25
20220312,1.25
20220313,1.25
20220314,1.25
20220315,1.25
20220316,1.25
20220317,1.25
20220318,1.25
20220319,1.25
20220320,1.25
20220321,1.25
20220322,1.25
20220323,1.25
20220324,1.25
20220325,1.25
20220326,1.25
20220327,1.25
20220328,1.25
20220329,1.25
20220330,1.25
20220331,1.25
20220401,1.25
20220402,1.25
20220403,1.25
20220404,1.25
20220405,1.25
20220406,1.25
20220407,1.25
20220408,1.25
20220409,1.25
20220410,1.25
20220411,1.25
20220412,1.25
20220413,1.25
20220414,1.5
20220415,1.5
20220416,1.5
20220417,1.5
20220418,1.5
20220419,1.5
20220420,1.5
20220421,1.5
20220422,1.5
20220423,1.5
20220424,1.5
20220425,1.5
20220426,1.5
20220427,1.5
20220428,1.5
20220429,1.5
20220430,1.5
20220501,1.5
20220502,1.5
20220503,1.5
20220504,1.5
20220505,1.5
20220506,1.5
20220507,1.5
20220508,1.5
20220509,1.5
20220510,1.5
20220511,1.5
20220512,1.5
20220513,1.5
20220514,1.5
20220515,1.5
20220516,1.5
20220517,1.5
20220518,1.5
20220519,1.5
20220520,1.5
20220521,1.5
20220522,1.5
20220523,1.5
20220524,1.5
20220525,1.5
20220526,1.75
20220527,1.75
20220528,1.75
20220529,1.75
20220530,1.75
20220531,1.75
20220601,1.75
20220602,1.75
20220603,1.75
20220604,1.75
20220605,1.75
20220606,1.75
20220607,1.75
20220608,1.75
20220609,1.75
20220610,1.75
20220611,1.75
20220612,1.75
20220613,1.75
20220614,1.75
20220615,1.75
20220616,1.75
20220617,1.75
20220618,1.75
20220619,1.75
20220620,1.75
20220621,1.75
20220622,1.75
20220623,1.75
20220624,1.75
20220625,1.75
20220626,1.75
20220627,1.75
20220628,1.75
20220629,1.75
20220630,1.75
20220701,1.75
20220702,1.75
20220703,1.75
20220704,1.75
20220705,1.75
20220706,1.75
20220707,1.75
20220708,1.75
20220709,1.75
20220710,1.75
20220711,1.75
20220712,1.75
20220713,2.25
20220714,2.25
20220715,2.25
20220716,2.25
20220717,2.25
20220718,2.25
20220719,2.25
20220720,2.25
20220721,2.25
20220722,2.25
20220723,2.25
20220724,2.25
20220725,2.25
20220726,2.25
20220727,2.25
20220728,2.25
20220729,2.25
20220730,2.25
20220731,2.25
20220801,2.25
20220802,2.25
20220803,2.25
20220804,2.25
20220805,2.25
20220806,2.25
20220807,2.25
20220808,2.25
20220809,2.25
20220810,2.25
20220811,2.25
20220812,2.25
20220813,2.25
20220814,2.25
20220815,2.25
20220816,2.25
20220817,2.25
20220818,2.25
20220819,2.25
20220820,2.25
20220821,2.25
20220822,2.25
20220823,2.25
20220824,2.25
20220825,2.5
20220826,2.5
20220827,2.5
20220828,2.5
20220829,2.5
20220830,2.5
20220831,2.5
20220901,2.5
20220902,2.5
20220903,2.5
20220904,2.5
20220905,2.5
20220906,2.5
20220907,2.5
20220908,2.5
20220909,2.5
20220910,2.5
20220911,2.5
20220912,2.5
20220913,2.5
20220914,2.5
20220915,2.5
20220916,2.5
20220917,2.5
20220918,2.5
20220919,2.5
20220920,2.5
20220921,2.5
20220922,2.5
20220923,2.5
20220924,2.5
20220925,2.5
20220926,2.5
20220927,2.5
20220928,2.5
20220929,2.5
20220930,2.5
20221001,2.5
20221002,2.5
20221003,2.5
20221004,2.5
20221005,2.5
20221006,2.5
20221007,2.5
20221008,2.5
20221009,2.5
20221010,2.5
20221011,2.5
20221012,3.0
20221013,3.0
20221014,3.0
20221015,3.0
20221016,3.0
20221017,3.0
20221018,3.0
20221019,3.0
20221020,3.0
20221021,3.0
20221022,3.0
20221023,3.0
20221024,3.0
20221025,3.0
20221026,3.0
20221027,3.0
20221028,3.0
20221029,3.0
20221030,3.0
20221031,3.0
20221101,3.0
20221102,3.0
20221103,3.0
20221104,3.0
20221105,3.0
20221106,3.0
20221107,3.0
20221108,3.0
20221109,3.0
20221110,3.0
20221111,3.0
20221112,3.0
20221113,3.0
20221114,3.0
20221115,3.0
20221116,3.0
20221117,3.0
20221118,3.0
20221119,3.0
20221120,3.0
20221121,3.0
20221122,3.0
20221123,3.0
20221124,3.25
20221125,3.25
20221126,3.25
20221127,3.25
20221128,3.25
20221129,3.25
20221130,3.25
20221201,3.25
20221202,3.25
20221203,3.25
20221204,3.25
20221205,3.25
20221206,3.25
20221207,3.25
20221208,3.25
20221209,3.25
20221210,3.25
20221211,3.25
20221212,3.25
20221213,3.25
20221214,3.25
20221215,3.25
20221216,3.25
20221217,3.25
20221218,3.25
20221219,3.25
20221220,3.25
20221221,3.25
20221222,3.25
20221223,3.25
20221224,3.25
20221225,3.25
20221226,3.25
20221227,3.25
20221228,3.25
20221229,3.25
20221230,3.25
20221231,3.25
20230101,3.25
20230102,3.25
20230103,3.25
20230104,3.25
20230105,3.25
20230106,3.25
20230107,3.25
20230108,3.25
20230109,3.25
20230110,3.25
20230111,3.25
20230112,3.25
20230113,3.5
20230114,3.5
20230115,3.5
20230116,3.5
20230117,3.5
20230118,3.5
20230119,3.5
20230120,3.5
20230121,3.5
20230122,3.5
20230123,3.5
20230124,3.5
20230125,3.5
20230126,3.5
20230127,3.5
20230128,3.5
20230129,3.5
20230130,3.5
20230131,3.5
20230201,3.5
20230202,3.5
20230203,3.5
20230204,3.5
20230205,3.5
20230206,3.5
20230207,3.5
20230208,3.5
20230209,3.5
20230210,3.5
20230211,3.5
20230212,3.5
20230213,3.5
20230214,3.5
20230215,3.5
20230216,3.5
20230217,3.5
20230218,3.5
20230219,3.5
20230220,3.5
20230221,3.5
20230222,3.5
20230223,3.5
20230224,3.5
20230225,3.5
20230226,3.5
20230227,3.5
20230228,3.5
20230301,3.5
20230302,3.5
20230303,3.5
20230304,3.5
20230305,3.5
20230306,3.5
20230307,3.5
20230308,3.5
20230309,3.5
20230310,3.5
20230311,3.5
20230312,3.5
20230313,3.5
20230314,3.5
20230315,3.5
20230316,3.5
20230317,3.5
20230318,3.5
20230319,3.5
20230320,3.5
20230321,3.5
20230322,3.5
20230323,3.5
20230324,3.5
20230325,3.5
20230326,3.5
20230327,3.5
20230328,3.5
20230329,3.5
20230330,3.5
20230331,3.5
20230401,3.5
20230402,3.5
20230403,3.5
20230404,3.5
20230405,3.5
20230406,3.5
20230407,3.5
20230408,3.5
20230409,3.5
20230410,3.5
20230411,3.5
20230412,3.5
20230413,3.5
20230414,3.5
20230415,3.5
20230416,3.5
20230417,3.5
20230418,3.5
20230419,3.5
20230420,3.5
20230421,3.5
20230422,3.5
20230423,3.5
20230424,3.5
20230425,3.5
20230426,3.5
20230427,3.5
20230428,3.5
20230429,3.5
20230430,3.5
20230501,3.5
20230502,3.5
20230503,3.5
20230504,3.5
20230505,3.5
20230506,3.5
20230507,3.5
20230508,3.5
20230509,3.5
20230510,3.5
20230511,3.5
20230512,3.5
20230513,3.5
20230514,3.5
20230515,3.5
20230516,3.5
20230517,3.5
20230518,3.5
20230519,3.5
20230520,3.5
20230521,3.5
20230522,3.5
20230523,3.5
20230524,3.5
20230525,3.5
20230526,3.5
20230527,3.5
20230528,3.5
20230529,3.5
20230530,3.5
20230531,3.5
20230601,3.5
20230602,3.5
20230603,3.5
20230604,3.5
20230605,3.5
20230606,3.5
20230607,3.5
20230608,3.5
20230609,3.5
20230610,3.5
20230611,3.5
20230612,3.5
20230613,3.5
20230614,3.5
20230615,3.5
20230616,3.5
20230617,3.5
20230618,3.5
20230619,3.5
20230620,3.5
20230621,3.5
20230622,3.5
20230623,3.5
20230624,3.5
20230625,3.5
20230626,3.5
20230627,3.5
20230628,3.5
20230629,3.5
20230630,3.5
20230701,3.5
20230702,3.5
20230703,3.5
20230704,3.5
20230705,3.5
20230706,3.5
20230707,3.5
20230708,3.5
20230709,3.5
20230710,3.5
20230711,3.5
20230712,3.5
20230713,3.5
20230714,3.5
20230715,3.5
20230716,3.5
20230717,3.5
20230718,3.5
20230719,3.5
20230720,3.5
20230721,3.5
20230722,3.5
20230723,3.5
20230724,3.5
20230725,3.5
20230726,3.5
20230727,3.5
20230728,3.5
20230729,3.5
20230730,3.5
20230731,3.5
20230801,3.5
20230802,3.5
20230803,3.5
20230804,3.5
20230805,3.5
20230806,3.5
20230807,3.5
20230808,3.5
20230809,3.5
20230810,3.5
20230811,3.5
20230812,3.5
20230813,3.5
20230814,3.5
20230815,3.5
20230816,3.5
20230817,3.5
20230818,3.5
20230819,3.5
20230820,3.5
20230821,3.5
20230822,3.5
20230823,3.5
20230824,3.5
20230825,3.5
20230826,3.5
20230827,3.5
20230828,3.5
20230829,3.5
20230830,3.5
20230831,3.5
20230901,3.5
20230902,3.5
20230903,3.5
20230904,3.5
20230905,3.5
20230906,3.5
20230907,3.5
20230908,3.5
20230909,3.5
20230910,3.5
20230911,3.5
20230912,3.5
20230913,3.5
20230914,3.5
20230915,3.5
20230916,3.5
20230917,3.5
20230918,3.5
20230919,3.5
20230920,3.5
20230921,3.5
20230922,3.5
20230923,3.5
20230924,3.5
20230925,3.5
20230926,3.5
20230927,3.5
20230928,3.5
20230929,3.5
20230930,3.5
20231001,3.5
20231002,3.5
20231003,3.5
20231004,3.5
20231005,3.5
20231006,3.5
20231007,3.5
20231008,3.5
20231009,3.5
20231010,3.5
20231011,3.5
20231012,3.5
20231013,3.5
20231014,3.5
20231015,3.5
20231016,3.5
20231017,3.5
20231018,3.5
20231019,3.5
20231020,3.5
20231021,3.5
20231022,3.5
20231023,3.5
20231024,3.5
20231025,3.5
20231026,3.5
20231027,3.5
20231028,3.5
20231029,3.5
20231030,3.5
20231031,3.5
20231101,3.5
20231102,3.5
20231103,3.5
20231104,3.5
20231105,3.5
20231106,3.5
20231107,3.5
20231108,3.5
20231109,3.5
20231110,3.5
20231111,3.5
20231112,3.5
20231113,3.5
20231114,3.5
20231115,3.5
20231116,3.5
20231117,3.5
20231118,3.5
20231119,3.5
20231120,3.5
20231121,3.5
20231122,3.5
20231123,3.5
20231124,3.5
20231125,3.5
20231126,3.5
20231127,3.5
20231128,3.5
20231129,3.5
20231130,3.5
20231201,3.5
20231202,3.5
20231203,3.5
20231204,3.5
20231205,3.5
20231206,3.5
20231207,3.5
20231208,3.5
20231209,3.5
20231210,3.5
20231211,3.5
20231212,3.5
20231213,3.5
20231214,3.5
20231215,3.5
20231216,3.5
20231217,3.5
20231218,3.5
20231219,3.5
20231220,3.5
20231221,3.5
20231222,3.5
20231223,3.5
20231224,3.5
20231225,3.5
20231226,3.5
20231227,3.5
20231228,3.5
20231229,3.5
20231230,3.5
20231231,3.5
20240101,3.5
20240102,3.5
20240103,3.5
20240104,3.5
20240105,3.5
20240106,3.5
20240107,3.5
20240108,3.5
20240109,3.5
20240110,3.5
20240111,3.5
20240112,3.5
20240113,3.5
20240114,3.5
20240115,3.5
20240116,3.5
20240117,3.5
20240118,3.5
20240119,3.5
20240120,3.5
20240121,3.5
20240122,3.5
20240123,3.5
20240124,3.5
20240125,3.5
20240126,3.5
20240127,3.5
20240128,3.5
20240129,3.5
20240130,3.5
20240131,3.5
20240201,3.5
20240202,3.5
20240203,3.5
20240204,3.5
20240205,3.5
20240206,3.5
20240207,3.5
20240208,3.5
20240209,3.5
20240210,3.5
20240211,3.5
20240212,3.5
20240213,3.5
20240214,3.5
20240215,3.5
20240216,3.5
20240217,3.5
20240218,3.5
20240219,3.5
20240220,3.5
20240221,3.5
20240222,3.5
20240223,3.5
20240224,3.5
20240225,3.5
20240226,3.5
20240227,3.5
20240228,3.5
20240229,3.5
20240301,3.5
20240302,3.5
20240303,3.5
20240304,3.5
20240305,3.5
20240306,3.5
20240307,3.5
20240308,3.5
20240309,3.5
20240310,3.5
20240311,3.5
20240312,3.5
20240313,3.5
20240314,3.5
20240315,3.5
20240316,3.5
20240317,3.5
20240318,3.5
20240319,3.5
20240320,3.5
20240321,3.5
20240322,3.5
20240323,3.5
20240324,3.5
20240325,3.5
20240326,3.5
20240327,3.5
20240328,3.5
20240329,3.5
20240330,3.5
20240331,3.5
20240401,3.5
20240402,3.5
20240403,3.5
20240404,3.5
20240405,3.5
20240406,3.5
20240407,3.5
20240408,3.5
20240409,3.5
20240410,3.5
20240411,3.5
20240412,3.5
20240413,3.5
20240414,3.5
20240415,3.5
20240416,3.5
20240417,3.5
20240418,3.5
20240419,3.5
20240420,3.5
20240421,3.5
20240422,3.5
20240423,3.5
20240424,3.5
20240425,3.5
20240426,3.5
20240427,3.5
20240428,3.5
20240429,3.5
20240430,3.5
20240501,3.5
20240502,3.5
20240503,3.5
20240504,3.5
20240505,3.5
20240506,3.5
20240507,3.5
20240508,3.5
20240509,3.5
20240510,3.5
20240511,3.5
20240512,3.5
20240513,3.5
20240514,3.5
20240515,3.5
20240516,3.5
20240517,3.5
20240518,3.5
20240519,3.5
20240520,3.5
20240521,3.5
20240522,3.5
20240523,3.5
20240524,3.5
20240525,3.5
20240526,3.5
20240527,3.5
20240528,3.5
20240529,3.5
20240530,3.5
20240531,3.5
20240601,3.5
20240602,3.5
20240603,3.5
20240604,3.5
20240605,3.5
20240606,3.5
20240607,3.5
20240608,3.5
20240609,3.5
20240610,3.5
20240611,3.5
20240612,3.5
20240613,3.5
20240614,3.5
20240615,3.5
20240616,3.5
20240617,3.5
20240618,3.5
20240619,3.5
20240620,3.5
20240621,3.5
20240622,3.5
20240623,3.5
20240624,3.5
20240625,3.5
20240626,3.5
20240627,3.5
20240628,3.5
20240629,3.5
20240630,3.5
20240701,3.5
20240702,3.5
20240703,3.5
20240704,3.5
20240705,3.5
20240706,3.5
20240707,3.5
20240708,3.5
20240709,3.5
20240710,3.5
20240711,3.5
20240712,3.5
20240713,3.5
20240714,3.5
20240715,3.5
20240716,3.5
20240717,3.5
20240718,3.5
20240719,3.5
20240720,3.5
20240721,3.5
20240722,3.5
20240723,3.5
20240724,3.5
20240725,3.5
20240726,3.5
20240727,3.5
20240728,3.5
20240729,3.5
20240730,3.5
20240731,3.5
20240801,3.5
20240802,3.5
20240803,3.5
20240804,3.5
20240805,3.5
20240806,3.5
20240807,3.5
20240808,3.5
20240809,3.5
20240810,3.5
20240811,3.5
20240812,3.5
20240813,3.5
20240814,3.5
20240815,3.5
20240816,3.5
20240817,3.5
20240818,3.5
20240819,3.5
20240820,3.5
20240821,3.5
20240822,3.5
20240823,3.5
20240824,3.5
20240825,3.5
20240826,3.5
20240827,3.5
20240828,3.5
20240829,3.5
20240830,3.5
20240831,3.5
20240901,3.5
20240902,3.5
20240903,3.5
20240904,3.5
20240905,3.5
20240906,3.5
20240907,3.5
20240908,3.5
20240909,3.5
20240910,3.5
20240911,3.5
20240912,3.5
20240913,3.5
20240914,3.5
20240915,3.5
20240916,3.5
20240917,3.5
20240918,3.5
20240919,3.5
20240920,3.5
20240921,3.5
20240922,3.5
20240923,3.5
20240924,3.5
20240925,3.5
20240926,3.5
20240927,3.5
20240928,3.5
20240929,3.5
20240930,3.5
20241001,3.5
20241002,3.5
20241003,3.5
20241004,3.5
20241005,3.5
20241006,3.5
20241007,3.5
20241008,3.5
20241009,3.5
20241010,3.5
20241011,3.25
20241012,3.25
20241013,3.25
20241014,3.25
20241015,3.25
20241016,3.25
20241017,3.25
20241018,3.25
20241019,3.25
20241020,3.25
20241021,3.25
20241022,3.25
20241023,3.25
20241024,3.25
20241025,3.25
20241026,3.25
20241027,3.25
20241028,3.25
20241029,3.25
20241030,3.25
20241031,3.25
20241101,3.25
20241102,3.25
20241103,3.25
20241104,3.25
20241105,3.25
20241106,3.25
20241107,3.25
20241108,3.25
20241109,3.25
20241110,3.25
20241111,3.25
20241112,3.25
20241113,3.25
20241114,3.25
20241115,3.25
20241116,3.25
20241117,3.25
20241118,3.25
20241119,3.25
20241120,3.25
20241121,3.25
20241122,3.25
20241123,3.25
20241124,3.25
20241125,3.25
20241126,3.25
20241127,3.25
20241128,3.0
20241129,3.0
20241130,3.0
20241201,3.0
20241202,3.0
20241203,3.0
20241204,3.0
20241205,3.0
20241206,3.0
20241207,3.0
20241208,3.0
20241209,3.0
20241210,3.0
20241211,3.0
20241212,3.0
20241213,3.0
20241214,3.0
20241215,3.0
20241216,3.0
20241217,3.0
20241218,3.0
20241219,3.0
20241220,3.0
20241221,3.0
20241222,3.0
20241223,3.0
20241224,3.0
20241225,3.0
20241226,3.0
20241227,3.0
20241228,3.0
20241229,3.0
20241230,3.0
20241231,3.0
20250101,3.0
20250102,3.0
20250103,3.0
20250104,3.0
20250105,3.0
20250106,3.0
20250107,3.0
20250108,3.0
20250109,3.0
20250110,3.0
20250111,3.0
20250112,3.0
20250113,3.0
20250114,3.0
20250115,3.0
20250116,3.0
20250117,3.0
20250118,3.0
20250119,3.0
20250120,3.0
20250121,3.0
20250122,3.0
20250123,3.0
20250124,3.0
20250125,3.0
20250126,3.0
20250127,3.0
20250128,3.0
20250129,3.0
20250130,3.0
20250131,3.0
20250201,3.0
20250202,3.0
20250203,3.0
20250204,3.0
20250205,3.0
20250206,3.0
20250207,3.0
20250208,3.0
20250209,3.0
20250210,3.0
20250211,3.0
20250212,3.0
20250213,3.0
20250214,3.0
20250215,3.0
20250216,3.0
20250217,3.0
20250218,3.0
20250219,3.0
20250220,3.0
20250221,3.0
20250222,3.0
