date,market_rate
20080102,4.96
20080103,4.98
20080104,4.98
20080107,4.95
20080108,4.98
20080109,4.99
20080110,5.01
20080111,5.0
20080114,5.01
20080115,5.01
20080116,5.02
20080117,5.02
20080118,4.97
20080121,4.93
20080122,4.91
20080123,5.01
20080124,5.01
20080125,5.01
20080128,5.01
20080129,5.0
20080130,4.98
20080131,4.96
20080201,4.91
20080204,4.96
20080205,4.93
20080211,5.0
20080212,5.0
20080213,5.0
20080214,5.0
20080215,5.0
20080218,4.98
20080219,4.95
20080220,4.95
20080221,5.02
20080222,5.01
20080225,4.98
20080226,4.95
20080227,4.94
20080228,4.96
20080229,4.94
20080303,4.94
20080304,4.95
20080305,4.94
20080306,5.0
20080307,5.0
20080310,4.99
20080311,4.99
20080312,4.98
20080313,4.98
20080314,4.98
20080317,4.96
20080318,4.99
20080319,4.94
20080320,4.98
20080321,4.98
20080324,4.97
20080325,4.97
20080326,4.94
20080327,4.94
20080328,4.96
20080331,4.98
20080401,4.97
20080402,5.0
20080403,5.01
20080404,5.1
20080407,5.04
20080408,5.03
20080410,4.98
20080411,5.0
20080414,5.0
20080415,5.0
20080416,5.0
20080417,5.0
20080418,5.0
20080421,4.97
20080422,4.98
20080423,4.98
20080424,5.0
20080425,4.96
20080428,4.89
20080429,4.94
20080430,4.95
20080502,4.96
20080506,5.19
20080507,5.18
20080508,5.01
20080509,5.0
20080513,4.93
20080514,4.87
20080515,4.9
20080516,4.95
20080519,4.93
20080520,4.63
20080521,4.62
20080522,5.0
20080523,5.0
20080526,5.0
20080527,5.01
20080528,5.03
20080529,5.03
20080530,5.04
20080602,5.0
20080603,5.0
20080604,5.0
20080605,5.0
20080609,4.81
20080610,4.57
20080611,4.57
20080612,4.99
20080613,4.99
20080616,5.01
20080617,5.0
20080618,5.0
20080619,5.0
20080620,5.01
20080623,4.62
20080624,4.55
20080625,4.55
20080626,5.01
20080627,4.99
20080630,5.01
20080701,4.99
20080702,4.99
20080703,4.99
20080704,5.03
20080707,5.01
20080708,5.01
20080709,5.02
20080710,5.01
20080711,5.01
20080714,5.0
20080715,5.01
20080716,5.0
20080717,5.01
20080718,5.01
20080721,4.58
20080722,4.57
20080723,4.59
20080724,5.0
20080725,5.0
20080728,5.01
20080729,5.0
20080730,5.0
20080731,5.03
20080801,5.02
20080804,5.02
20080805,5.02
20080806,5.01
20080807,5.24
20080808,5.24
20080811,5.24
20080812,5.25
20080813,5.25
20080814,5.25
20080818,5.24
20080819,5.22
20080820,5.23
20080821,5.25
20080822,5.25
20080825,5.24
20080826,5.24
20080827,5.24
20080828,5.24
20080829,5.25
20080901,5.25
20080902,5.24
20080903,5.25
20080904,5.25
20080905,5.24
20080908,5.25
20080909,5.28
20080910,5.22
20080911,5.25
20080912,5.25
20080916,5.23
20080917,5.24
20080918,5.12
20080919,5.07
20080922,4.95
20080923,4.8
20080924,4.86
20080925,5.23
20080926,5.23
20080929,5.22
20080930,5.22
20081001,5.22
20081002,5.22
20081006,5.23
20081007,5.06
20081008,5.12
20081009,4.98
20081010,4.98
20081013,4.98
20081014,4.98
20081015,4.99
20081016,4.99
20081017,4.99
20081020,4.97
20081021,4.89
20081022,4.89
20081023,4.98
20081024,4.98
20081027,4.28
20081028,4.24
20081029,4.24
20081030,4.21
20081031,4.14
20081103,4.1
20081104,4.02
20081105,4.04
20081106,4.22
20081107,3.97
20081110,3.97
20081111,3.98
20081112,3.98
20081113,3.98
20081114,3.98
20081117,3.93
20081118,3.95
20081119,3.95
20081120,3.99
20081121,3.98
20081124,3.99
20081125,3.98
20081126,3.98
20081127,3.98
20081128,3.99
20081201,3.97
20081202,3.97
20081203,3.97
20081204,3.91
20081205,3.85
20081208,3.71
20081209,3.61
20081210,3.62
20081211,3.16
20081212,2.9
20081215,2.83
20081216,2.78
20081217,2.81
20081218,2.81
20081219,2.82
20081222,2.7
20081223,2.57
20081224,2.66
20081226,2.99
20081229,2.97
20081230,2.94
20081231,3.02
20090102,2.87
20090105,2.75
20090106,2.59
20090107,2.58
20090108,2.98
20090109,2.49
20090112,2.42
20090113,2.26
20090114,2.22
20090115,2.04
20090116,2.02
20090119,1.99
20090120,2.0
20090121,2.1
20090122,2.51
20090123,2.44
20090128,2.47
20090129,2.45
20090130,2.41
20090202,2.38
20090203,2.38
20090204,2.38
20090205,2.39
20090206,2.39
20090209,2.2
20090210,2.07
20090211,2.06
20090212,2.02
20090213,1.92
20090216,1.69
20090217,1.76
20090218,1.75
20090219,1.79
20090220,1.82
20090223,1.76
20090224,1.55
20090225,1.58
20090226,1.88
20090227,1.87
20090302,1.75
20090303,1.75
20090304,1.76
20090305,1.75
20090306,1.76
20090309,1.7
20090310,1.63
20090311,1.64
20090312,1.78
20090313,1.82
20090316,1.82
20090317,1.94
20090318,1.87
20090319,1.79
20090320,1.81
20090323,1.74
20090324,1.63
20090325,1.56
20090326,1.89
20090327,1.76
20090330,1.76
20090331,1.73
20090401,1.72
20090402,1.65
20090403,1.66
20090406,1.65
20090407,1.57
20090408,1.58
20090409,1.86
20090410,1.82
20090413,1.8
20090414,1.79
20090415,1.76
20090416,1.83
20090417,1.83
20090420,1.86
20090421,1.57
20090422,1.57
20090423,1.89
20090424,1.84
20090427,1.87
20090428,1.85
20090429,1.84
20090430,1.85
20090504,1.77
20090506,1.72
20090507,1.83
20090508,1.92
20090511,1.93
20090512,1.93
20090513,1.93
20090514,1.93
20090515,1.93
20090518,1.89
20090519,1.74
20090520,1.73
20090521,1.96
20090522,1.97
20090525,1.97
20090526,1.97
20090527,1.96
20090528,1.97
20090529,1.96
20090601,1.95
20090602,1.93
20090603,1.92
20090604,1.93
20090605,1.93
20090608,1.93
20090609,1.96
20090610,1.93
20090611,1.96
20090612,1.94
20090615,1.93
20090616,1.94
20090617,1.95
20090618,1.95
20090619,1.94
20090622,1.93
20090623,1.82
20090624,1.87
20090625,1.93
20090626,1.92
20090629,1.92
20090630,1.96
20090701,1.9
20090702,1.92
20090703,1.92
20090706,1.93
20090707,1.92
20090708,1.92
20090709,1.93
20090710,1.94
20090713,1.94
20090714,1.95
20090715,1.95
20090716,1.95
20090717,1.94
20090720,1.94
20090721,1.93
20090722,1.93
20090723,1.93
20090724,1.93
20090727,1.93
20090728,1.93
20090729,1.93
20090730,1.93
20090731,1.95
20090803,1.94
20090804,1.97
20090805,1.97
20090806,1.98
20090807,1.99
20090810,1.99
20090811,1.99
20090812,1.98
20090813,1.98
20090814,1.97
20090817,1.98
20090818,1.97
20090819,1.97
20090820,1.99
20090821,1.98
20090824,1.98
20090825,1.98
20090826,1.98
20090827,1.97
20090828,1.97
20090831,1.99
20090901,1.98
20090902,1.98
20090903,1.97
20090904,1.97
20090907,1.97
20090908,1.91
20090909,1.98
20090910,1.99
20090911,1.99
20090914,2.0
20090915,1.99
20090916,1.99
20090917,2.0
20090918,2.0
20090921,1.97
20090922,1.8
20090923,1.79
20090924,2.0
20090925,2.0
20090928,2.0
20090929,2.01
20090930,2.0
20091001,2.0
20091005,1.99
20091006,2.0
20091007,1.99
20091008,1.99
20091009,1.99
20091012,1.99
20091013,1.99
20091014,1.99
20091015,1.99
20091016,1.98
20091019,1.98
20091020,1.99
20091021,2.02
20091022,2.0
20091023,2.0
20091026,2.0
20091027,2.0
20091028,2.0
20091029,2.01
20091030,2.01
20091102,2.0
20091103,1.99
20091104,1.99
20091105,2.0
20091106,2.0
20091109,2.0
20091110,2.07
20091111,1.98
20091112,2.01
20091113,2.0
20091116,2.01
20091117,1.99
20091118,1.96
20091119,1.95
20091120,2.01
20091123,2.03
20091124,2.0
20091125,1.99
20091126,2.01
20091127,2.0
20091130,2.01
20091201,2.0
20091202,2.0
20091203,2.0
20091204,2.0
20091207,1.99
20091208,1.97
20091209,1.99
20091210,2.01
20091211,2.0
20091214,2.0
20091215,2.0
20091216,2.0
20091217,2.0
20091218,2.0
20091221,2.0
20091222,1.99
20091223,1.98
20091224,2.0
20091228,2.0
20091229,2.0
20091230,2.0
20091231,2.01
20100104,1.98
20100105,1.98
20100106,1.96
20100107,1.99
20100108,2.0
20100111,2.0
20100112,2.0
20100113,2.0
20100114,2.0
20100115,2.0
20100118,1.99
20100119,1.99
20100120,1.97
20100121,2.01
20100122,2.0
20100125,2.01
20100126,2.01
20100127,2.0
20100128,2.0
20100129,2.0
20100201,2.01
20100202,2.0
20100203,2.0
20100204,2.0
20100205,2.0
20100208,2.0
20100209,1.99
20100210,1.97
20100211,2.02
20100212,2.01
20100216,2.01
20100217,2.01
20100218,2.01
20100219,2.01
20100222,1.98
20100223,1.92
20100224,1.9
20100225,2.02
20100226,2.01
20100302,2.01
20100303,2.01
20100304,2.02
20100305,2.01
20100308,2.01
20100309,2.02
20100310,1.99
20100311,2.02
20100312,2.01
20100315,2.01
20100316,2.0
20100317,2.0
20100318,2.01
20100319,2.01
20100322,2.0
20100323,2.0
20100324,1.98
20100325,2.01
20100326,2.0
20100329,1.99
20100330,1.99
20100331,2.0
20100401,1.99
20100402,1.99
20100405,2.0
20100406,2.02
20100407,2.02
20100408,2.0
20100409,2.0
20100412,2.01
20100413,2.01
20100414,2.0
20100415,2.0
20100416,1.99
20100419,2.0
20100420,2.0
20100421,2.01
20100422,2.0
20100423,2.0
20100426,2.01
20100427,2.01
20100428,2.0
20100429,2.0
20100430,2.0
20100503,2.05
20100504,2.05
20100506,2.01
20100507,2.01
20100510,2.01
20100511,2.01
20100512,2.01
20100513,2.01
20100514,2.01
20100517,2.01
20100518,2.01
20100519,2.01
20100520,2.02
20100524,2.02
20100525,2.01
20100526,1.99
20100527,1.98
20100528,1.98
20100531,2.0
20100601,1.99
20100603,1.99
20100604,1.98
20100607,1.99
20100608,1.95
20100609,1.97
20100610,2.02
20100611,2.02
20100614,2.02
20100615,2.02
20100616,2.01
20100617,2.01
20100618,2.0
20100621,2.01
20100622,2.01
20100623,1.97
20100624,2.02
20100625,2.01
20100628,1.99
20100629,1.95
20100630,2.03
20100701,1.99
20100702,1.99
20100705,2.0
20100706,2.05
20100707,2.04
20100708,2.02
20100709,2.26
20100712,2.27
20100713,2.26
20100714,2.26
20100715,2.27
20100716,2.25
20100719,2.26
20100720,2.27
20100721,2.27
20100722,2.27
20100723,2.27
20100726,2.27
20100727,2.27
20100728,2.27
20100729,2.28
20100730,2.28
20100802,2.27
20100803,2.27
20100804,2.27
20100805,2.28
20100806,2.27
20100809,2.27
20100810,2.28
20100811,2.29
20100812,2.27
20100813,2.27
20100816,2.27
20100817,2.27
20100818,2.27
20100819,2.28
20100820,2.28
20100823,2.26
20100824,2.3
20100825,2.29
20100826,2.28
20100827,2.28
20100830,2.27
20100831,2.28
20100901,2.27
20100902,2.27
20100903,2.27
20100906,2.26
20100907,2.26
20100908,2.27
20100909,2.27
20100910,2.27
20100913,2.27
20100914,2.27
20100915,2.28
20100916,2.28
20100917,2.28
20100920,2.28
20100924,2.28
20100927,2.27
20100928,2.27
20100929,2.26
20100930,2.27
20101001,2.27
20101004,2.24
20101005,2.18
20101006,2.2
20101007,2.28
20101008,2.27
20101011,2.27
20101012,2.27
20101013,2.27
20101014,2.28
20101015,2.27
20101018,2.26
20101019,2.28
20101020,2.29
20101021,2.28
20101022,2.28
20101025,2.25
20101026,2.24
20101027,2.24
20101028,2.24
20101029,2.26
20101101,2.24
20101102,2.23
20101103,2.24
20101104,2.24
20101105,2.24
20101108,2.24
20101109,2.27
20101110,2.26
20101111,2.24
20101112,2.24
20101115,2.24
20101116,2.49
20101117,2.5
20101118,2.5
20101119,2.5
20101122,2.51
20101123,2.52
20101124,2.54
20101125,2.5
20101126,2.5
20101129,2.5
20101130,2.51
20101201,2.5
20101202,2.5
20101203,2.5
20101206,2.5
20101207,2.52
20101208,2.52
20101209,2.51
20101210,2.5
20101213,2.5
20101214,2.49
20101215,2.49
20101216,2.5
20101217,2.49
20101220,2.5
20101221,2.52
20101222,2.53
20101223,2.5
20101224,2.5
20101227,2.5
20101228,2.49
20101229,2.49
20101230,2.49
20101231,2.51
20110103,2.49
20110104,2.5
20110105,2.49
20110106,2.49
20110107,2.49
20110110,2.49
20110111,2.5
20110112,2.5
20110113,2.74
20110114,2.74
20110117,2.74
20110118,2.76
20110119,2.77
20110120,2.75
20110121,2.75
20110124,2.75
20110125,2.75
20110126,2.74
20110127,2.74
20110128,2.74
20110131,2.75
20110201,2.75
20110207,2.75
20110208,2.78
20110209,2.77
20110210,2.75
20110211,2.75
20110214,2.75
20110215,2.74
20110216,2.75
20110217,2.75
20110218,2.75
20110221,2.75
20110222,2.75
20110223,2.75
20110224,2.76
20110225,2.76
20110228,2.76
20110302,2.75
20110303,2.75
20110304,2.75
20110307,2.76
20110308,2.75
20110309,2.75
20110310,2.99
20110311,2.97
20110314,2.96
20110315,2.99
20110316,3.0
20110317,2.99
20110318,2.99
20110321,2.99
20110322,3.01
20110323,3.02
20110324,3.0
20110325,2.99
20110328,2.99
20110329,2.98
20110330,2.98
20110331,2.99
20110401,2.98
20110404,2.99
20110405,3.03
20110406,3.04
20110407,3.01
20110408,3.01
20110411,3.01
20110412,3.0
20110413,3.01
20110414,3.01
20110415,3.01
20110418,3.0
20110419,3.03
20110420,3.04
20110421,3.02
20110422,3.02
20110425,3.02
20110426,3.02
20110427,3.01
20110428,3.01
20110429,3.02
20110502,3.01
20110503,3.01
20110504,3.01
20110506,3.01
20110509,3.05
20110511,3.03
20110512,3.02
20110513,3.02
20110516,3.03
20110517,3.03
20110518,3.03
20110519,3.02
20110520,3.02
20110523,3.02
20110524,3.06
20110525,3.05
20110526,3.02
20110527,3.03
20110530,3.03
20110531,3.03
20110601,3.02
20110602,3.02
20110603,3.0
20110607,3.04
20110608,3.01
20110609,3.02
20110610,3.26
20110613,3.26
20110614,3.27
20110615,3.26
20110616,3.26
20110617,3.26
20110620,3.26
20110621,3.29
20110622,3.29
20110623,3.26
20110624,3.26
20110627,3.26
20110628,3.26
20110629,3.26
20110630,3.28
20110701,3.26
20110704,3.26
20110705,3.3
20110706,3.27
20110707,3.26
20110708,3.26
20110711,3.26
20110712,3.26
20110713,3.26
20110714,3.27
20110715,3.26
20110718,3.26
20110719,3.26
20110720,3.27
20110721,3.26
20110722,3.26
20110725,3.26
20110726,3.26
20110727,3.26
20110728,3.26
20110729,3.27
20110801,3.26
20110802,3.26
20110803,3.25
20110804,3.25
20110805,3.26
20110808,3.25
20110809,3.31
20110810,3.29
20110811,3.25
20110812,3.24
20110816,3.22
20110817,3.2
20110818,3.22
20110819,3.23
20110822,3.2
20110823,3.25
20110824,3.26
20110825,3.26
20110826,3.26
20110829,3.26
20110830,3.26
20110831,3.27
20110901,3.26
20110902,3.26
20110905,3.26
20110906,3.25
20110907,3.23
20110908,3.27
20110909,3.25
20110914,3.26
20110915,3.26
20110916,3.25
20110919,3.24
20110920,3.27
20110921,3.28
20110922,3.25
20110923,3.23
20110926,3.24
20110927,3.24
20110928,3.26
20110929,3.26
20110930,3.28
20111004,3.25
20111005,3.23
20111006,3.25
20111007,3.25
20111010,3.25
20111011,3.24
20111012,3.24
20111013,3.24
20111014,3.24
20111017,3.22
20111018,3.27
20111019,3.26
20111020,3.25
20111021,3.23
20111024,3.24
20111025,3.24
20111026,3.23
20111027,3.23
20111028,3.23
20111031,3.26
20111101,3.25
20111102,3.25
20111103,3.25
20111104,3.25
20111107,3.26
20111108,3.27
20111109,3.28
20111110,3.26
20111111,3.25
20111114,3.25
20111115,3.26
20111116,3.26
20111117,3.26
20111118,3.26
20111121,3.26
20111122,3.27
20111123,3.26
20111124,3.26
20111125,3.26
20111128,3.26
20111129,3.25
20111130,3.27
20111201,3.26
20111202,3.25
20111205,3.25
20111206,3.27
20111207,3.26
20111208,3.26
20111209,3.25
20111212,3.26
20111213,3.26
20111214,3.25
20111215,3.26
20111216,3.25
20111219,3.26
20111220,3.28
20111221,3.3
20111222,3.26
20111223,3.26
20111226,3.26
20111227,3.26
20111228,3.28
20111229,3.27
20111230,3.29
20120102,3.25
20120103,3.25
20120104,3.24
20120105,3.25
20120106,3.25
20120109,3.25
20120110,3.28
20120111,3.28
20120112,3.25
20120113,3.25
20120116,3.26
20120117,3.26
20120118,3.26
20120119,3.27
20120120,3.27
20120125,3.23
20120126,3.26
20120127,3.26
20120130,3.27
20120131,3.27
20120201,3.26
20120202,3.25
20120203,3.25
20120206,3.24
20120207,3.28
20120208,3.27
20120209,3.25
20120210,3.25
20120213,3.25
20120214,3.25
20120215,3.25
20120216,3.25
20120217,3.25
20120220,3.26
20120221,3.25
20120222,3.25
20120223,3.25
20120224,3.25
20120227,3.25
20120228,3.25
20120229,3.26
20120302,3.25
20120305,3.24
20120306,3.25
20120307,3.22
20120308,3.26
20120309,3.25
20120312,3.25
20120313,3.25
20120314,3.25
20120315,3.25
20120316,3.25
20120319,3.25
20120320,3.25
20120321,3.25
20120322,3.25
20120323,3.25
20120326,3.25
20120327,3.25
20120328,3.24
20120329,3.23
20120330,3.24
20120402,3.24
20120403,3.24
20120404,3.22
20120405,3.24
20120406,3.27
20120409,3.25
20120410,3.23
20120412,3.24
20120413,3.24
20120416,3.24
20120417,3.24
20120418,3.24
20120419,3.24
20120420,3.25
20120423,3.25
20120424,3.26
20120425,3.26
20120426,3.26
20120427,3.26
20120430,3.26
20120502,3.25
20120503,3.25
20120504,3.24
20120507,3.24
20120508,3.29
20120509,3.28
20120510,3.26
20120511,3.25
20120514,3.26
20120515,3.26
20120516,3.26
20120517,3.26
20120518,3.26
20120521,3.26
20120522,3.26
20120523,3.26
20120524,3.26
20120525,3.26
20120529,3.26
20120530,3.26
20120531,3.27
20120601,3.25
20120604,3.27
20120605,3.27
20120607,3.26
20120608,3.26
20120611,3.26
20120612,3.26
20120613,3.26
20120614,3.26
20120615,3.26
20120618,3.26
20120619,3.25
20120620,3.26
20120621,3.26
20120622,3.26
20120625,3.25
20120626,3.25
20120627,3.24
20120628,3.25
20120629,3.26
20120702,3.25
20120703,3.25
20120704,3.25
20120705,3.25
20120706,3.25
20120709,3.25
20120710,3.29
20120711,3.25
20120712,3.0
20120713,3.0
20120716,3.01
20120717,3.01
20120718,3.0
20120719,3.01
20120720,3.0
20120723,3.0
20120724,3.0
20120725,3.01
20120726,3.0
20120727,3.0
20120730,3.0
20120731,3.02
20120801,3.0
20120802,2.99
20120803,3.0
20120806,2.99
20120807,2.99
20120808,2.99
20120809,3.0
20120810,2.99
20120813,2.99
20120814,3.0
20120816,3.0
20120817,2.99
20120820,2.99
20120821,3.0
20120822,3.0
20120823,3.0
20120824,3.0
20120827,2.99
20120828,3.0
20120829,3.0
20120830,3.0
20120831,3.01
20120903,3.0
20120904,3.01
20120905,3.0
20120906,3.0
20120907,3.01
20120910,2.99
20120911,2.99
20120912,2.99
20120913,2.99
20120914,2.99
20120917,2.99
20120918,2.99
20120919,2.99
20120920,3.0
20120921,3.0
20120924,3.0
20120925,2.99
20120926,2.99
20120927,2.99
20120928,3.01
20121002,2.99
20121004,3.01
20121005,3.0
20121008,2.99
20121009,3.0
20121010,3.03
20121011,2.75
20121012,2.75
20121015,2.75
20121016,2.75
20121017,2.75
20121018,2.75
20121019,2.75
20121022,2.74
20121023,2.74
20121024,2.74
20121025,2.75
20121026,2.74
20121029,2.74
20121030,2.74
20121031,2.75
20121101,2.75
20121102,2.75
20121105,2.75
20121106,2.76
20121107,2.76
20121108,2.75
20121109,2.75
20121112,2.76
20121113,2.76
20121114,2.76
20121115,2.76
20121116,2.75
20121119,2.75
20121120,2.76
20121121,2.76
20121122,2.76
20121123,2.75
20121126,2.75
20121127,2.75
20121128,2.75
20121129,2.76
20121130,2.77
20121203,2.75
20121204,2.78
20121205,2.74
20121206,2.75
20121207,2.76
20121210,2.75
20121211,2.75
20121212,2.75
20121213,2.75
20121214,2.75
20121217,2.75
20121218,2.75
20121220,2.75
20121221,2.75
20121224,2.76
20121226,2.75
20121227,2.75
20121228,2.75
20121231,2.77
20130102,2.77
20130103,2.77
20130104,2.76
20130107,2.76
20130108,2.76
20130109,2.77
20130110,2.76
20130111,2.76
20130114,2.75
20130115,2.76
20130116,2.75
20130117,2.75
20130118,2.75
20130121,2.76
20130122,2.75
20130123,2.75
20130124,2.75
20130125,2.75
20130128,2.75
20130129,2.75
20130130,2.75
20130131,2.76
20130201,2.75
20130204,2.75
20130205,2.73
20130206,2.72
20130207,2.74
20130208,2.74
20130212,2.75
20130213,2.75
20130214,2.75
20130215,2.75
20130218,2.74
20130219,2.75
20130220,2.75
20130221,2.76
20130222,2.75
20130225,2.76
20130226,2.75
20130227,2.75
20130228,2.76
20130304,2.76
20130305,2.74
20130306,2.74
20130307,2.76
20130308,2.75
20130311,2.75
20130312,2.75
20130313,2.74
20130314,2.74
20130315,2.74
20130318,2.74
20130319,2.74
20130320,2.74
20130321,2.74
20130322,2.74
20130325,2.74
20130326,2.74
20130327,2.74
20130328,2.74
20130329,2.75
20130401,2.74
20130402,2.74
20130403,2.74
20130404,2.74
20130405,2.74
20130408,2.74
20130409,2.75
20130410,2.75
20130411,2.74
20130412,2.73
20130415,2.74
20130416,2.74
20130417,2.74
20130418,2.74
20130419,2.75
20130422,2.75
20130423,2.75
20130424,2.75
20130425,2.76
20130426,2.76
20130429,2.76
20130430,2.78
20130502,2.76
20130503,2.76
20130506,2.76
20130507,2.76
20130508,2.77
20130509,2.51
20130510,2.51
20130513,2.51
20130514,2.51
20130515,2.51
20130516,2.51
20130520,2.5
20130521,2.5
20130522,2.5
20130523,2.5
20130524,2.5
20130527,2.5
20130528,2.5
20130529,2.49
20130530,2.49
20130531,2.5
20130603,2.49
20130604,2.52
20130605,2.48
20130607,2.5
20130610,2.49
20130611,2.49
20130612,2.49
20130613,2.49
20130614,2.49
20130617,2.49
20130618,2.49
20130619,2.49
20130620,2.49
20130621,2.49
20130624,2.49
20130625,2.49
20130626,2.49
20130627,2.5
20130628,2.5
20130701,2.49
20130702,2.49
20130703,2.48
20130704,2.45
20130705,2.42
20130708,2.35
20130709,2.34
20130710,2.36
20130711,2.48
20130712,2.48
20130715,2.48
20130716,2.48
20130717,2.48
20130718,2.48
20130719,2.49
20130722,2.49
20130723,2.48
20130724,2.49
20130725,2.5
20130726,2.5
20130729,2.51
20130730,2.51
20130731,2.53
20130801,2.52
20130802,2.49
20130805,2.49
20130806,2.5
20130807,2.48
20130808,2.49
20130809,2.49
20130812,2.5
20130813,2.5
20130814,2.5
20130816,2.5
20130819,2.5
20130820,2.5
20130821,2.5
20130822,2.5
20130823,2.5
20130826,2.5
20130827,2.5
20130828,2.5
20130829,2.5
20130830,2.51
20130902,2.51
20130903,2.51
20130904,2.5
20130905,2.5
20130906,2.5
20130909,2.5
20130910,2.51
20130911,2.49
20130912,2.5
20130913,2.5
20130916,2.5
20130917,2.5
20130923,2.5
20130924,2.5
20130925,2.5
20130926,2.5
20130927,2.5
20130930,2.5
20131001,2.5
20131002,2.49
20131004,2.48
20131007,2.5
20131008,2.49
20131010,2.49
20131011,2.49
20131014,2.49
20131015,2.49
20131016,2.49
20131017,2.49
20131018,2.5
20131021,2.49
20131022,2.5
20131023,2.5
20131024,2.5
20131025,2.52
20131028,2.52
20131029,2.52
20131030,2.51
20131031,2.52
20131101,2.48
20131104,2.48
20131105,2.51
20131106,2.49
20131107,2.5
20131108,2.5
20131111,2.5
20131112,2.5
20131113,2.5
20131114,2.5
20131115,2.5
20131118,2.5
20131119,2.5
20131120,2.5
20131121,2.5
20131122,2.5
20131125,2.5
20131126,2.49
20131127,2.49
20131128,2.49
20131129,2.5
20131202,2.49
20131203,2.49
20131204,2.48
20131205,2.49
20131206,2.49
20131209,2.5
20131210,2.5
20131211,2.49
20131212,2.49
20131213,2.49
20131216,2.49
20131217,2.49
20131218,2.49
20131219,2.5
20131220,2.51
20131223,2.52
20131224,2.52
20131226,2.51
20131227,2.5
20131230,2.51
20131231,2.52
20140102,2.51
20140103,2.5
20140106,2.48
20140107,2.5
20140108,2.49
20140109,2.49
20140110,2.5
20140113,2.49
20140114,2.49
20140115,2.49
20140116,2.49
20140117,2.49
20140120,2.49
20140121,2.49
20140122,2.5
20140123,2.5
20140124,2.5
20140127,2.52
20140128,2.52
20140129,2.51
20140203,2.47
20140204,2.48
20140205,2.48
20140206,2.49
20140207,2.49
20140210,2.49
20140211,2.49
20140212,2.49
20140213,2.49
20140214,2.49
20140217,2.49
20140218,2.49
20140219,2.49
20140220,2.49
20140221,2.49
20140224,2.49
20140225,2.49
20140226,2.47
20140227,2.48
20140228,2.49
20140303,2.49
20140304,2.5
20140305,2.49
20140306,2.49
20140307,2.49
20140310,2.48
20140311,2.48
20140312,2.48
20140313,2.48
20140314,2.47
20140317,2.48
20140318,2.47
20140319,2.46
20140320,2.46
20140321,2.45
20140324,2.46
20140325,2.48
20140326,2.48
20140327,2.48
20140328,2.48
20140331,2.49
20140401,2.48
20140402,2.48
20140403,2.48
20140404,2.48
20140407,2.49
20140408,2.51
20140409,2.5
20140410,2.48
20140411,2.48
20140414,2.48
20140415,2.48
20140416,2.48
20140417,2.48
20140418,2.48
20140421,2.49
20140422,2.5
20140423,2.49
20140424,2.49
20140425,2.5
20140428,2.49
20140429,2.49
20140430,2.5
20140502,2.5
20140507,2.48
20140508,2.49
20140509,2.48
20140512,2.49
20140513,2.49
20140514,2.5
20140515,2.49
20140516,2.49
20140519,2.49
20140520,2.49
20140521,2.49
20140522,2.49
20140523,2.49
20140526,2.49
20140527,2.48
20140528,2.48
20140529,2.49
20140530,2.49
20140602,2.48
20140603,2.48
20140605,2.48
20140609,2.48
20140610,2.49
20140611,2.49
20140612,2.48
20140613,2.48
20140616,2.48
20140617,2.47
20140618,2.48
20140619,2.48
20140620,2.48
20140623,2.48
20140624,2.48
20140625,2.49
20140626,2.49
20140627,2.48
20140630,2.49
20140701,2.48
20140702,2.48
20140703,2.48
20140704,2.48
20140707,2.48
20140708,2.48
20140709,2.5
20140710,2.48
20140711,2.48
20140714,2.48
20140715,2.48
20140716,2.48
20140717,2.49
20140718,2.48
20140721,2.48
20140722,2.48
20140723,2.49
20140724,2.49
20140725,2.49
20140728,2.5
20140729,2.5
20140730,2.5
20140731,2.49
20140801,2.48
20140804,2.48
20140805,2.48
20140806,2.49
20140807,2.49
20140808,2.49
20140811,2.49
20140812,2.49
20140813,2.49
20140814,2.24
20140818,2.24
20140819,2.24
20140820,2.23
20140821,2.23
20140822,2.23
20140825,2.24
20140826,2.23
20140827,2.23
20140828,2.23
20140829,2.24
20140901,2.23
20140902,2.23
20140903,2.24
20140904,2.25
20140905,2.25
20140911,2.23
20140912,2.23
20140915,2.23
20140916,2.23
20140917,2.23
20140918,2.23
20140919,2.23
20140922,2.23
20140923,2.23
20140924,2.24
20140925,2.24
20140926,2.23
20140929,2.24
20140930,2.24
20141001,2.24
20141002,2.23
20141006,2.23
20141007,2.23
20141008,2.23
20141010,2.23
20141013,2.23
20141014,2.23
20141015,1.99
20141016,1.98
20141017,1.98
20141020,1.98
20141021,1.98
20141022,1.98
20141023,1.99
20141024,1.98
20141027,1.98
20141028,1.98
20141029,1.98
20141030,1.98
20141031,1.97
20141103,1.98
20141104,1.96
20141105,1.97
20141106,1.98
20141107,1.98
20141110,1.98
20141111,1.98
20141112,1.98
20141113,1.98
20141114,1.98
20141117,1.98
20141118,1.98
20141119,1.98
20141120,1.98
20141121,1.98
20141124,1.98
20141125,1.99
20141126,1.98
20141127,1.99
20141128,1.99
20141201,1.99
20141202,1.98
20141203,1.98
20141204,1.98
20141205,1.98
20141208,1.99
20141209,2.01
20141210,1.99
20141211,1.98
20141212,1.98
20141215,2.0
20141216,1.99
20141217,1.98
20141218,1.98
20141219,1.98
20141222,1.99
20141223,1.99
20141224,1.99
20141226,1.99
20141229,1.99
20141230,2.01
20141231,2.03
20150102,2.01
20150105,2.0
20150106,1.98
20150107,1.99
20150108,1.99
20150109,1.98
20150112,1.99
20150113,1.99
20150114,1.99
20150115,1.99
20150116,1.98
20150119,1.98
20150120,1.98
20150121,1.98
20150122,1.99
20150123,1.99
20150126,1.99
20150127,1.99
20150128,1.99
20150129,1.99
20150130,2.0
20150202,1.99
20150203,1.99
20150204,1.99
20150205,1.98
20150206,1.99
20150209,1.98
20150210,2.0
20150211,1.99
20150212,1.98
20150213,1.98
20150216,1.99
20150217,1.98
20150223,1.98
20150224,1.98
20150225,1.98
20150226,1.98
20150227,1.99
20150302,1.98
20150303,1.98
20150304,1.98
20150305,1.98
20150306,1.98
20150309,1.98
20150310,1.99
20150311,1.98
20150312,1.74
20150313,1.73
20150316,1.73
20150317,1.74
20150318,1.74
20150319,1.74
20150320,1.74
20150323,1.73
20150324,1.74
20150325,1.74
20150326,1.74
20150327,1.74
20150330,1.74
20150331,1.74
20150401,1.74
20150402,1.73
20150403,1.72
20150406,1.72
20150407,1.72
20150408,1.73
20150409,1.73
20150410,1.74
20150413,1.73
20150414,1.73
20150415,1.73
20150416,1.73
20150417,1.73
20150420,1.73
20150421,1.73
20150422,1.73
20150423,1.73
20150424,1.74
20150427,1.74
20150428,1.74
20150429,1.74
20150430,1.74
20150504,1.74
20150506,1.73
20150507,1.73
20150508,1.73
20150511,1.73
20150512,1.73
20150513,1.74
20150514,1.73
20150515,1.74
20150518,1.74
20150519,1.74
20150520,1.74
20150521,1.74
20150522,1.74
20150526,1.74
20150527,1.74
20150528,1.74
20150529,1.74
20150601,1.74
20150602,1.73
20150603,1.73
20150604,1.73
20150605,1.73
20150608,1.72
20150609,1.73
20150610,1.74
20150611,1.49
20150612,1.48
20150615,1.49
20150616,1.48
20150617,1.49
20150618,1.49
20150619,1.49
20150622,1.49
20150623,1.49
20150624,1.5
20150625,1.5
20150626,1.5
20150629,1.49
20150630,1.5
20150701,1.49
20150702,1.48
20150703,1.48
20150706,1.48
20150707,1.5
20150708,1.48
20150709,1.48
20150710,1.48
20150713,1.48
20150714,1.49
20150715,1.48
20150716,1.48
20150717,1.48
20150720,1.47
20150721,1.47
20150722,1.47
20150723,1.48
20150724,1.49
20150727,1.49
20150728,1.49
20150729,1.49
20150730,1.49
20150731,1.5
20150803,1.48
20150804,1.49
20150805,1.48
20150806,1.49
20150807,1.49
20150810,1.49
20150811,1.49
20150812,1.49
20150813,1.49
20150817,1.49
20150818,1.49
20150819,1.49
20150820,1.49
20150821,1.49
20150824,1.5
20150825,1.5
20150826,1.5
20150827,1.5
20150828,1.51
20150831,1.52
20150901,1.49
20150902,1.48
20150903,1.47
20150904,1.45
20150907,1.47
20150908,1.49
20150909,1.48
20150910,1.49
20150911,1.49
20150914,1.49
20150915,1.49
20150916,1.48
20150917,1.48
20150918,1.48
20150921,1.48
20150922,1.48
20150923,1.48
20150924,1.49
20150925,1.47
20150930,1.49
20151001,1.47
20151002,1.46
20151005,1.47
20151006,1.5
20151007,1.49
20151008,1.48
20151012,1.48
20151013,1.48
20151014,1.48
20151015,1.48
20151016,1.49
20151019,1.49
20151020,1.49
20151021,1.49
20151022,1.49
20151023,1.49
20151026,1.48
20151027,1.48
20151028,1.48
20151029,1.48
20151030,1.5
20151102,1.5
20151103,1.5
20151104,1.5
20151105,1.49
20151106,1.49
20151109,1.5
20151110,1.49
20151111,1.49
20151112,1.5
20151113,1.49
20151116,1.49
20151117,1.49
20151118,1.49
20151119,1.49
20151120,1.49
20151123,1.49
20151124,1.49
20151125,1.5
20151126,1.49
20151127,1.49
20151130,1.5
20151201,1.48
20151202,1.44
20151203,1.45
20151204,1.4
20151207,1.44
20151208,1.46
20151209,1.46
20151210,1.48
20151211,1.48
20151214,1.48
20151215,1.46
20151216,1.46
20151217,1.46
20151218,1.48
20151221,1.48
20151222,1.48
20151223,1.49
20151224,1.49
20151228,1.49
20151229,1.49
20151230,1.49
20151231,1.52
20160104,1.48
20160105,1.49
20160106,1.49
20160107,1.49
20160108,1.49
20160111,1.49
20160112,1.5
20160113,1.5
20160114,1.49
20160115,1.5
20160118,1.5
20160119,1.48
20160120,1.49
20160121,1.49
20160122,1.48
20160125,1.48
20160126,1.48
20160127,1.48
20160128,1.48
20160129,1.5
20160201,1.49
20160202,1.49
20160203,1.49
20160204,1.51
20160205,1.47
20160211,1.49
20160212,1.48
20160215,1.48
20160216,1.47
20160217,1.48
20160218,1.48
20160219,1.47
20160222,1.48
20160223,1.49
20160224,1.49
20160225,1.49
20160226,1.5
20160229,1.52
20160302,1.5
20160303,1.49
20160304,1.49
20160307,1.49
20160308,1.49
20160309,1.48
20160310,1.5
20160311,1.48
20160314,1.48
20160315,1.48
20160316,1.48
20160317,1.48
20160318,1.49
20160321,1.49
20160322,1.49
20160323,1.49
20160324,1.49
20160325,1.49
20160328,1.49
20160329,1.49
20160330,1.51
20160331,1.53
20160401,1.5
20160404,1.46
20160405,1.49
20160406,1.48
20160407,1.48
20160408,1.48
20160411,1.48
20160412,1.48
20160414,1.49
20160415,1.48
20160418,1.49
20160419,1.48
20160420,1.49
20160421,1.48
20160422,1.48
20160425,1.49
20160426,1.49
20160427,1.48
20160428,1.48
20160429,1.5
20160502,1.48
20160503,1.48
20160504,1.48
20160509,1.48
20160510,1.5
20160511,1.54
20160512,1.49
20160513,1.49
20160516,1.49
20160517,1.49
20160518,1.49
20160519,1.49
20160520,1.49
20160523,1.49
20160524,1.49
20160525,1.49
20160526,1.49
20160527,1.48
20160530,1.48
20160531,1.48
20160601,1.48
20160602,1.49
20160603,1.47
20160607,1.49
20160608,1.48
20160609,1.24
20160610,1.24
20160613,1.24
20160614,1.24
20160615,1.24
20160616,1.24
20160617,1.24
20160620,1.24
20160621,1.24
20160622,1.24
20160623,1.24
20160624,1.24
20160627,1.24
20160628,1.22
20160629,1.22
20160630,1.23
20160701,1.2
20160704,1.2
20160705,1.23
20160706,1.23
20160707,1.23
20160708,1.23
20160711,1.23
20160712,1.23
20160713,1.23
20160714,1.23
20160715,1.23
20160718,1.23
20160719,1.23
20160720,1.23
20160721,1.23
20160722,1.23
20160725,1.23
20160726,1.23
20160727,1.21
20160728,1.22
20160729,1.24
20160801,1.23
20160802,1.23
20160803,1.23
20160804,1.23
20160805,1.23
20160808,1.23
20160809,1.23
20160810,1.23
20160811,1.23
20160812,1.23
20160816,1.23
20160817,1.23
20160818,1.23
20160819,1.23
20160822,1.23
20160823,1.23
20160824,1.24
20160825,1.24
20160826,1.24
20160829,1.24
20160830,1.24
20160831,1.25
20160901,1.24
20160902,1.23
20160905,1.22
20160906,1.24
20160907,1.23
20160908,1.25
20160909,1.25
20160912,1.24
20160913,1.24
20160919,1.24
20160920,1.24
20160921,1.24
20160922,1.24
20160923,1.24
20160926,1.24
20160927,1.24
20160928,1.25
20160929,1.25
20160930,1.26
20161004,1.25
20161005,1.24
20161006,1.24
20161007,1.23
20161010,1.23
20161011,1.24
20161012,1.24
20161013,1.23
20161014,1.24
20161017,1.24
20161018,1.23
20161019,1.23
20161020,1.23
20161021,1.24
20161024,1.24
20161025,1.23
20161026,1.23
20161027,1.23
20161028,1.18
20161031,1.24
20161101,1.22
20161102,1.22
20161103,1.22
20161104,1.24
20161107,1.24
20161108,1.24
20161109,1.24
20161110,1.23
20161111,1.23
20161114,1.24
20161115,1.24
20161116,1.24
20161117,1.24
20161118,1.23
20161121,1.19
20161122,1.23
20161123,1.23
20161124,1.23
20161125,1.22
20161128,1.19
20161129,1.2
20161130,1.23
20161201,1.21
20161202,1.16
20161205,1.2
20161206,1.23
20161207,1.23
20161208,1.23
20161209,1.23
20161212,1.23
20161213,1.22
20161214,1.22
20161215,1.22
20161216,1.2
20161219,1.23
20161220,1.2
20161221,1.22
20161222,1.23
20161223,1.24
20161226,1.24
20161227,1.24
20161228,1.23
20161229,1.24
20161230,1.27
20170102,1.26
20170103,1.24
20170104,1.24
20170105,1.24
20170106,1.24
20170109,1.24
20170110,1.25
20170111,1.24
20170112,1.23
20170113,1.24
20170116,1.24
20170117,1.23
20170118,1.23
20170119,1.24
20170120,1.24
20170123,1.24
20170124,1.25
20170125,1.25
20170126,1.26
20170131,1.25
20170201,1.23
20170202,1.23
20170203,1.23
20170206,1.22
20170207,1.21
20170208,1.22
20170209,1.23
20170210,1.23
20170213,1.23
20170214,1.23
20170215,1.23
20170216,1.22
20170217,1.23
20170220,1.23
20170221,1.23
20170222,1.24
20170223,1.24
20170224,1.24
20170227,1.24
20170228,1.26
20170302,1.24
20170303,1.23
20170306,1.2
20170307,1.18
20170308,1.23
20170309,1.24
20170310,1.24
20170313,1.23
20170314,1.23
20170315,1.23
20170316,1.22
20170317,1.2
20170320,1.22
20170321,1.22
20170322,1.22
20170323,1.23
20170324,1.22
20170327,1.23
20170328,1.22
20170329,1.24
20170330,1.25
20170331,1.27
20170403,1.25
20170404,1.23
20170405,1.23
20170406,1.23
20170407,1.23
20170410,1.23
20170411,1.23
20170412,1.23
20170413,1.23
20170414,1.23
20170417,1.23
20170418,1.23
20170419,1.23
20170420,1.24
20170421,1.24
20170424,1.24
20170425,1.23
20170426,1.22
20170427,1.17
20170428,1.21
20170502,1.22
20170504,1.22
20170508,1.23
20170510,1.23
20170511,1.23
20170512,1.23
20170515,1.23
20170516,1.23
20170517,1.23
20170518,1.23
20170519,1.23
20170522,1.23
20170523,1.23
20170524,1.23
20170525,1.22
20170526,1.23
20170529,1.23
20170530,1.24
20170531,1.26
20170601,1.25
20170602,1.22
20170605,1.24
20170607,1.23
20170608,1.24
20170609,1.23
20170612,1.23
20170613,1.23
20170614,1.23
20170615,1.23
20170616,1.23
20170619,1.23
20170620,1.23
20170621,1.23
20170622,1.23
20170623,1.24
20170626,1.25
20170627,1.25
20170628,1.25
20170629,1.27
20170630,1.29
20170703,1.26
20170704,1.23
20170705,1.22
20170706,1.23
20170707,1.24
20170710,1.24
20170711,1.24
20170712,1.24
20170713,1.24
20170714,1.24
20170717,1.23
20170718,1.23
20170719,1.23
20170720,1.23
20170721,1.24
20170724,1.24
20170725,1.24
20170726,1.24
20170727,1.24
20170728,1.23
20170731,1.24
20170801,1.23
20170802,1.21
20170803,1.22
20170804,1.22
20170807,1.2
20170808,1.18
20170809,1.23
20170810,1.23
20170811,1.23
20170814,1.21
20170816,1.21
20170817,1.22
20170818,1.23
20170821,1.23
20170822,1.23
20170823,1.23
20170824,1.24
20170825,1.24
20170828,1.25
20170829,1.25
20170830,1.25
20170831,1.27
20170901,1.26
20170904,1.25
20170905,1.24
20170906,1.24
20170907,1.25
20170908,1.25
20170911,1.25
20170912,1.26
20170913,1.26
20170914,1.26
20170915,1.25
20170918,1.25
20170919,1.24
20170920,1.25
20170921,1.25
20170922,1.25
20170925,1.26
20170926,1.25
20170927,1.26
20170928,1.26
20170929,1.27
20171010,1.26
20171011,1.24
20171012,1.25
20171013,1.25
20171016,1.25
20171017,1.24
20171018,1.24
20171019,1.24
20171020,1.24
20171023,1.24
20171024,1.24
20171025,1.24
20171026,1.25
20171027,1.24
20171030,1.23
20171031,1.26
20171101,1.24
20171102,1.24
20171103,1.24
20171106,1.23
20171107,1.25
20171108,1.23
20171109,1.24
20171110,1.24
20171113,1.25
20171114,1.24
20171115,1.24
20171116,1.24
20171117,1.24
20171120,1.25
20171121,1.25
20171122,1.24
20171123,1.25
20171124,1.25
20171127,1.26
20171128,1.26
20171129,1.26
20171130,1.53
20171201,1.48
20171204,1.48
20171205,1.47
20171206,1.48
20171207,1.49
20171208,1.52
20171211,1.52
20171212,1.51
20171213,1.5
20171214,1.5
20171215,1.51
20171218,1.5
20171219,1.5
20171220,1.51
20171221,1.53
20171222,1.51
20171226,1.52
20171227,1.51
20171228,1.55
20171229,1.58
20180102,1.52
20180103,1.5
20180104,1.48
20180105,1.47
20180108,1.46
20180109,1.49
20180110,1.51
20180111,1.5
20180112,1.5
20180115,1.5
20180116,1.5
20180117,1.49
20180118,1.49
20180119,1.49
20180122,1.49
20180123,1.49
20180124,1.49
20180125,1.49
20180126,1.49
20180129,1.49
20180130,1.49
20180131,1.54
20180201,1.5
20180202,1.46
20180205,1.48
20180206,1.47
20180207,1.49
20180208,1.47
20180209,1.5
20180212,1.51
20180213,1.51
20180214,1.51
20180219,1.5
20180220,1.48
20180221,1.48
20180222,1.49
20180223,1.47
20180226,1.48
20180227,1.5
20180228,1.51
20180302,1.5
20180305,1.46
20180306,1.43
20180307,1.48
20180308,1.5
20180309,1.49
20180312,1.5
20180313,1.5
20180314,1.5
20180315,1.49
20180316,1.5
20180319,1.5
20180320,1.49
20180321,1.49
20180322,1.5
20180323,1.51
20180326,1.5
20180327,1.48
20180328,1.48
20180329,1.48
20180330,1.54
20180402,1.49
20180403,1.44
20180404,1.46
20180405,1.46
20180406,1.44
20180409,1.48
20180410,1.49
20180411,1.48
20180412,1.48
20180413,1.49
20180416,1.46
20180417,1.47
20180418,1.47
20180419,1.47
20180420,1.47
20180423,1.47
20180424,1.48
20180425,1.48
20180426,1.48
20180427,1.46
20180430,1.51
20180502,1.5
20180503,1.49
20180504,1.49
20180508,1.48
20180509,1.48
20180510,1.49
20180511,1.49
20180514,1.49
20180515,1.49
20180516,1.49
20180517,1.48
20180518,1.49
20180521,1.49
20180523,1.5
20180524,1.5
20180525,1.51
20180528,1.51
20180529,1.5
20180530,1.52
20180531,1.55
20180601,1.5
20180604,1.44
20180605,1.48
20180607,1.46
20180608,1.49
20180611,1.47
20180612,1.47
20180614,1.49
20180615,1.49
20180618,1.49
20180619,1.47
20180620,1.49
20180621,1.49
20180622,1.5
20180625,1.5
20180626,1.46
20180627,1.49
20180628,1.53
20180629,1.57
20180702,1.53
20180703,1.47
20180704,1.46
20180705,1.46
20180706,1.43
20180709,1.49
20180710,1.49
20180711,1.48
20180712,1.51
20180713,1.48
20180716,1.49
20180717,1.47
20180718,1.48
20180719,1.48
20180720,1.48
20180723,1.48
20180724,1.5
20180725,1.5
20180726,1.5
20180727,1.49
20180730,1.49
20180731,1.52
20180801,1.5
20180802,1.49
20180803,1.49
20180806,1.49
20180807,1.44
20180808,1.48
20180809,1.49
20180810,1.48
20180813,1.49
20180814,1.49
20180816,1.49
20180817,1.49
20180820,1.5
20180821,1.49
20180822,1.49
20180823,1.5
20180824,1.48
20180827,1.49
20180828,1.49
20180829,1.49
20180830,1.51
20180831,1.55
20180903,1.54
20180904,1.45
20180905,1.49
20180906,1.51
20180907,1.64
20180910,1.55
20180911,1.52
20180912,1.51
20180913,1.52
20180914,1.51
20180917,1.51
20180918,1.51
20180919,1.51
20180920,1.55
20180921,1.6
20180927,1.59
20180928,1.65
20181001,1.55
20181002,1.51
20181004,1.5
20181005,1.5
20181008,1.47
20181010,1.48
20181011,1.5
20181012,1.52
20181015,1.5
20181016,1.49
20181017,1.51
20181018,1.5
20181019,1.5
20181022,1.53
20181023,1.54
20181024,1.56
20181025,1.54
20181026,1.53
20181029,1.49
20181030,1.49
20181031,1.57
20181101,1.51
20181102,1.45
20181105,1.47
20181106,1.44
20181107,1.48
20181108,1.48
20181109,1.49
20181112,1.5
20181113,1.51
20181114,1.5
20181115,1.51
20181116,1.52
20181119,1.51
20181120,1.52
20181121,1.5
20181122,1.53
20181123,1.52
20181126,1.52
20181127,1.49
20181128,1.48
20181129,1.49
20181130,1.76
20181203,1.74
20181204,1.68
20181205,1.73
20181206,1.71
20181207,1.75
20181210,1.76
20181211,1.76
20181212,1.77
20181213,1.75
20181214,1.76
20181217,1.76
20181218,1.75
20181219,1.75
20181220,1.77
20181221,1.78
20181224,1.77
20181226,1.78
20181227,1.82
20181228,1.82
20181231,1.89
20190102,1.83
20190103,1.77
20190104,1.75
20190107,1.74
20190108,1.74
20190109,1.73
20190110,1.75
20190111,1.75
20190114,1.73
20190115,1.74
20190116,1.75
20190117,1.75
20190118,1.75
20190121,1.76
20190122,1.77
20190123,1.78
20190124,1.75
20190125,1.76
20190128,1.76
20190129,1.74
20190130,1.74
20190131,1.81
20190201,1.74
20190207,1.75
20190208,1.75
20190211,1.74
20190212,1.75
20190213,1.74
20190214,1.76
20190215,1.77
20190218,1.78
20190219,1.76
20190220,1.75
20190221,1.76
20190222,1.76
20190225,1.77
20190226,1.76
20190227,1.77
20190228,1.8
20190304,1.76
20190305,1.77
20190306,1.75
20190307,1.76
20190308,1.78
20190311,1.77
20190312,1.76
20190313,1.78
20190314,1.75
20190315,1.73
20190318,1.76
20190319,1.74
20190320,1.74
20190321,1.74
20190322,1.75
20190325,1.75
20190326,1.77
20190327,1.74
20190328,1.76
20190329,1.81
20190401,1.75
20190402,1.75
20190403,1.7
20190404,1.72
20190405,1.75
20190408,1.76
20190409,1.77
20190410,1.75
20190411,1.78
20190412,1.76
20190415,1.77
20190416,1.76
20190417,1.73
20190418,1.72
20190419,1.75
20190422,1.74
20190423,1.75
20190424,1.73
20190425,1.73
20190426,1.73
20190429,1.73
20190430,1.79
20190502,1.75
20190503,1.74
20190507,1.73
20190508,1.73
20190509,1.73
20190510,1.74
20190513,1.75
20190514,1.73
20190515,1.76
20190516,1.75
20190517,1.74
20190520,1.76
20190521,1.73
20190522,1.73
20190523,1.74
20190524,1.73
20190527,1.75
20190528,1.75
20190529,1.75
20190530,1.76
20190531,1.79
20190603,1.77
20190604,1.75
20190605,1.73
20190607,1.77
20190610,1.75
20190611,1.75
20190612,1.75
20190613,1.75
20190614,1.74
20190617,1.76
20190618,1.75
20190619,1.76
20190620,1.75
20190621,1.74
20190624,1.75
20190625,1.75
20190626,1.76
20190627,1.77
20190628,1.83
20190701,1.75
20190702,1.73
20190703,1.73
20190704,1.73
20190705,1.73
20190708,1.73
20190709,1.69
20190710,1.74
20190711,1.75
20190712,1.74
20190715,1.73
20190716,1.72
20190717,1.72
20190718,1.5
20190719,1.49
20190722,1.48
20190723,1.48
20190724,1.48
20190725,1.5
20190726,1.51
20190729,1.5
20190730,1.52
20190731,1.56
20190801,1.51
20190802,1.48
20190805,1.49
20190806,1.49
20190807,1.49
20190808,1.49
20190809,1.5
20190812,1.52
20190813,1.52
20190814,1.52
20190816,1.52
20190819,1.51
20190820,1.51
20190821,1.51
20190822,1.52
20190823,1.53
20190826,1.53
20190827,1.53
20190828,1.51
20190829,1.51
20190830,1.54
20190902,1.5
20190903,1.5
20190904,1.49
20190905,1.5
20190906,1.53
20190909,1.56
20190910,1.51
20190911,1.49
20190916,1.52
20190917,1.52
20190918,1.5
20190919,1.5
20190920,1.51
20190923,1.51
20190924,1.51
20190925,1.53
20190926,1.53
20190927,1.54
20190930,1.58
20191001,1.55
20191002,1.51
20191004,1.52
20191007,1.46
20191008,1.48
20191010,1.51
20191011,1.55
20191014,1.53
20191015,1.52
20191016,1.28
20191017,1.25
20191018,1.25
20191021,1.25
20191022,1.24
20191023,1.24
20191024,1.23
20191025,1.24
20191028,1.24
20191029,1.24
20191030,1.26
20191031,1.29
20191101,1.25
20191104,1.25
20191105,1.25
20191106,1.24
20191107,1.26
20191108,1.28
20191111,1.3
20191112,1.32
20191113,1.32
20191114,1.3
20191115,1.3
20191118,1.3
20191119,1.29
20191120,1.3
20191121,1.29
20191122,1.29
20191125,1.27
20191126,1.27
20191127,1.26
20191128,1.25
20191129,1.28
20191202,1.25
20191203,1.24
20191204,1.24
20191205,1.25
20191206,1.24
20191209,1.26
20191210,1.28
20191211,1.26
20191212,1.3
20191213,1.3
20191216,1.29
20191217,1.28
20191218,1.28
20191219,1.29
20191220,1.28
20191223,1.29
20191224,1.3
20191226,1.31
20191227,1.31
20191230,1.31
20191231,1.39
20200102,1.3
20200103,1.27
20200106,1.29
20200107,1.27
20200108,1.25
20200109,1.28
20200110,1.28
20200113,1.29
20200114,1.27
20200115,1.27
20200116,1.27
20200117,1.28
20200120,1.28
20200121,1.29
20200122,1.28
20200123,1.28
20200128,1.26
20200129,1.25
20200130,1.24
20200131,1.25
20200203,1.22
20200204,1.22
20200205,1.23
20200206,1.23
20200207,1.22
20200210,1.24
20200211,1.26
20200212,1.26
20200213,1.26
20200214,1.24
20200217,1.24
20200218,1.23
20200219,1.24
20200220,1.23
20200221,1.23
20200224,1.24
20200225,1.25
20200226,1.25
20200227,1.23
20200228,1.26
20200302,1.26
20200303,1.26
20200304,1.25
20200305,1.25
20200306,1.24
20200309,1.26
20200310,1.25
20200311,1.24
20200312,1.25
20200313,1.25
20200316,1.27
20200317,0.76
20200318,0.73
20200319,0.72
20200320,0.73
20200323,0.73
20200324,0.72
20200325,0.73
20200326,0.73
20200327,0.75
20200330,0.76
20200331,0.8
20200401,0.76
20200402,0.74
20200403,0.73
20200406,0.75
20200407,0.74
20200408,0.73
20200409,0.73
20200410,0.73
20200413,0.75
20200414,0.74
20200416,0.73
20200417,0.74
20200420,0.75
20200421,0.75
20200422,0.74
20200423,0.74
20200424,0.74
20200427,0.73
20200428,0.73
20200429,0.76
20200504,0.71
20200506,0.72
20200507,0.71
20200508,0.72
20200511,0.73
20200512,0.73
20200513,0.72
20200514,0.72
20200515,0.71
20200518,0.71
20200519,0.73
20200520,0.72
20200521,0.73
20200522,0.72
20200525,0.72
20200526,0.72
20200527,0.74
20200528,0.49
20200529,0.49
20200601,0.49
20200602,0.47
20200603,0.47
20200604,0.46
20200605,0.47
20200608,0.46
20200609,0.5
20200610,0.49
20200611,0.49
20200612,0.46
20200615,0.46
20200616,0.46
20200617,0.47
20200618,0.46
20200619,0.46
20200622,0.47
20200623,0.47
20200624,0.48
20200625,0.47
20200626,0.5
20200629,0.49
20200630,0.57
20200701,0.48
20200702,0.47
20200703,0.5
20200706,0.49
20200707,0.45
20200708,0.48
20200709,0.48
20200710,0.49
20200713,0.5
20200714,0.48
20200715,0.47
20200716,0.49
20200717,0.46
20200720,0.44
20200721,0.46
20200722,0.45
20200723,0.46
20200724,0.48
20200727,0.49
20200728,0.47
20200729,0.48
20200730,0.49
20200731,0.51
20200803,0.51
20200804,0.5
20200805,0.48
20200806,0.49
20200807,0.5
20200810,0.47
20200811,0.47
20200812,0.49
20200813,0.49
20200814,0.52
20200818,0.52
20200819,0.51
20200820,0.5
20200821,0.53
20200824,0.53
20200825,0.52
20200826,0.53
20200827,0.5
20200828,0.49
20200831,0.55
20200901,0.52
20200902,0.49
20200903,0.48
20200904,0.48
20200907,0.49
20200908,0.43
20200909,0.48
20200910,0.47
20200911,0.49
20200914,0.47
20200915,0.46
20200916,0.46
20200917,0.46
20200918,0.47
20200921,0.46
20200922,0.49
20200923,0.47
20200924,0.49
20200925,0.48
20200928,0.48
20200929,0.55
20201005,0.47
20201006,0.46
20201007,0.48
20201008,0.53
20201012,0.54
20201013,0.54
20201014,0.5
20201015,0.47
20201016,0.47
20201019,0.48
20201020,0.49
20201021,0.52
20201022,0.53
20201023,0.55
20201026,0.56
20201027,0.56
20201028,0.49
20201029,0.48
20201030,0.52
20201102,0.48
20201103,0.47
20201104,0.46
20201105,0.46
20201106,0.51
20201109,0.5
20201110,0.49
20201111,0.48
20201112,0.48
20201113,0.48
20201116,0.48
20201117,0.49
20201118,0.48
20201119,0.49
20201120,0.49
20201123,0.51
20201124,0.52
20201125,0.51
20201126,0.53
20201127,0.52
20201130,0.6
20201201,0.51
20201202,0.48
20201203,0.48
20201204,0.48
20201207,0.46
20201208,0.45
20201209,0.48
20201210,0.49
20201211,0.5
20201214,0.5
20201215,0.49
20201216,0.49
20201217,0.48
20201218,0.48
20201221,0.51
20201222,0.52
20201223,0.56
20201224,0.55
20201228,0.55
20201229,0.54
20201230,0.57
20201231,0.61
20210104,0.53
20210105,0.48
20210106,0.48
20210107,0.49
20210108,0.48
20210111,0.51
20210112,0.48
20210113,0.49
20210114,0.49
20210115,0.5
20210118,0.51
20210119,0.48
20210120,0.48
20210121,0.48
20210122,0.49
20210125,0.48
20210126,0.51
20210127,0.45
20210128,0.46
20210129,0.52
20210201,0.49
20210202,0.47
20210203,0.45
20210204,0.47
20210205,0.46
20210208,0.48
20210209,0.49
20210210,0.49
20210215,0.49
20210216,0.5
20210217,0.47
20210218,0.49
20210219,0.51
20210222,0.5
20210223,0.49
20210224,0.5
20210225,0.52
20210226,0.59
20210302,0.47
20210303,0.47
20210304,0.45
20210305,0.47
20210308,0.48
20210309,0.52
20210310,0.49
20210311,0.5
20210312,0.53
20210315,0.51
20210316,0.47
20210317,0.46
20210318,0.48
20210319,0.47
20210322,0.47
20210323,0.49
20210324,0.47
20210325,0.51
20210326,0.48
20210329,0.47
20210330,0.49
20210331,0.59
20210401,0.45
20210402,0.44
20210405,0.45
20210406,0.46
20210407,0.48
20210408,0.46
20210409,0.49
20210412,0.53
20210413,0.52
20210414,0.48
20210415,0.48
20210416,0.48
20210419,0.49
20210420,0.47
20210421,0.48
20210422,0.49
20210423,0.5
20210426,0.47
20210427,0.47
20210428,0.48
20210429,0.48
20210430,0.49
20210503,0.42
20210504,0.49
20210506,0.47
20210507,0.47
20210510,0.47
20210511,0.47
20210512,0.47
20210513,0.46
20210514,0.49
20210517,0.48
20210518,0.48
20210520,0.49
20210521,0.5
20210524,0.48
20210525,0.47
20210526,0.49
20210527,0.43
20210528,0.48
20210531,0.51
20210601,0.49
20210602,0.47
20210603,0.46
20210604,0.48
20210607,0.46
20210608,0.45
20210609,0.48
20210610,0.49
20210611,0.5
20210614,0.47
20210615,0.47
20210616,0.47
20210617,0.48
20210618,0.51
20210621,0.56
20210622,0.56
20210623,0.53
20210624,0.53
20210625,0.57
20210628,0.59
20210629,0.58
20210630,0.63
20210701,0.53
20210702,0.51
20210705,0.47
20210706,0.4
20210707,0.48
20210708,0.51
20210709,0.52
20210712,0.52
20210713,0.58
20210714,0.59
20210715,0.59
20210716,0.56
20210719,0.54
20210720,0.51
20210721,0.5
20210722,0.52
20210723,0.55
20210726,0.57
20210727,0.57
20210728,0.51
20210729,0.51
20210730,0.58
20210802,0.44
20210803,0.49
20210804,0.51
20210805,0.5
20210806,0.48
20210809,0.5
20210810,0.51
20210811,0.49
20210812,0.56
20210813,0.54
20210817,0.51
20210818,0.5
20210819,0.51
20210820,0.5
20210823,0.51
20210824,0.55
20210825,0.57
20210826,0.84
20210827,0.86
20210830,0.86
20210831,0.9
20210901,0.83
20210902,0.76
20210903,0.75
20210906,0.75
20210907,0.75
20210908,0.74
20210909,0.76
20210910,0.88
20210913,0.86
20210914,0.78
20210915,0.76
20210916,0.75
20210917,0.77
20210923,0.75
20210924,0.75
20210927,0.72
20210928,0.76
20210929,0.73
20210930,0.92
20211001,0.71
20211005,0.69
20211006,0.73
20211007,0.67
20211008,0.69
20211012,0.8
20211013,0.8
20211014,0.75
20211015,0.74
20211018,0.72
20211019,0.73
20211020,0.73
20211021,0.76
20211022,0.75
20211025,0.76
20211026,0.77
20211027,0.75
20211028,0.78
20211029,0.76
20211101,0.74
20211102,0.72
20211103,0.68
20211104,0.7
20211105,0.76
20211108,0.78
20211109,0.8
20211110,0.76
20211111,0.84
20211112,0.83
20211115,0.82
20211116,0.8
20211117,0.77
20211118,0.76
20211119,0.75
20211122,0.76
20211123,0.74
20211124,0.74
20211125,1.015
20211126,1.015
20211129,1.019
20211130,1.067
20211201,0.986
20211202,0.975
20211203,0.955
20211206,0.966
20211207,1.014
20211208,0.985
20211209,1.078
20211210,1.036
20211213,1.017
20211214,1.006
20211215,1.001
20211216,0.999
20211217,0.986
20211220,0.985
20211221,1.001
20211222,0.988
20211223,0.991
20211224,1.013
20211227,1.027
20211228,1.03
20211229,1.038
20211230,1.115
20211231,1.437
20220103,1.003
20220104,1.0
20220105,0.987
20220106,1.0
20220107,1.004
20220110,1.068
20220111,1.001
20220112,1.017
20220113,1.034
20220114,1.273
20220117,1.251
20220118,1.277
20220119,1.276
20220120,1.33
20220121,1.575
20220124,1.352
20220125,1.314
20220126,1.261
20220127,1.201
20220128,1.277
20220203,1.223
20220204,1.176
20220207,1.116
20220208,1.217
20220209,1.226
20220210,1.18
20220211,1.193
20220214,1.254
20220215,1.198
20220216,1.198
20220217,1.229
20220218,1.239
20220221,1.243
20220222,1.257
20220223,1.243
20220224,1.258
20220225,1.284
20220228,1.39
20220302,1.289
20220303,1.249
20220304,1.191
20220307,1.228
20220308,1.24
20220310,1.314
20220311,1.318
20220314,1.268
20220315,1.243
20220316,1.245
20220317,1.242
20220318,1.239
20220321,1.215
20220322,1.213
20220323,1.127
20220324,1.189
20220325,1.245
20220328,1.204
20220329,1.218
20220330,1.229
20220331,1.454
20220401,1.238
20220404,1.25
20220405,1.28
20220406,1.241
20220407,1.178
20220408,1.158
20220411,1.168
20220412,1.182
20220413,1.141
20220414,1.333
20220415,1.432
20220418,1.395
20220419,1.399
20220420,1.375
20220421,1.392
20220422,1.449
20220425,1.418
20220426,1.385
20220427,1.359
20220428,1.347
20220429,1.53
20220502,1.454
20220503,1.442
20220504,1.449
20220506,1.415
20220509,1.34
20220510,1.357
20220511,1.478
20220512,1.424
20220513,1.399
20220516,1.459
20220517,1.474
20220518,1.49
20220519,1.5
20220520,1.526
20220523,1.515
20220524,1.491
20220525,1.507
20220526,1.687
20220527,1.758
20220530,1.732
20220531,1.863
20220602,1.709
20220603,1.648
20220607,1.476
20220608,1.558
20220609,1.793
20220610,1.747
20220613,1.739
20220614,1.692
20220615,1.66
20220616,1.698
20220617,1.733
20220620,1.718
20220621,1.715
20220622,1.717
20220623,1.754
20220624,1.842
20220627,1.825
20220628,1.828
20220629,1.808
20220630,2.337
20220701,1.723
20220704,1.66
20220705,1.682
20220706,1.737
20220707,1.741
20220708,1.732
20220711,1.82
20220712,1.832
20220713,2.041
20220714,2.196
20220715,2.177
20220718,2.171
20220719,2.196
20220720,2.173
20220721,2.206
20220722,2.188
20220725,2.183
20220726,2.224
20220727,2.114
20220728,2.143
20220729,2.341
20220801,2.238
20220802,2.19
20220803,2.162
20220804,2.221
20220805,2.242
20220808,2.226
20220809,2.243
20220810,2.217
20220811,2.215
20220812,2.246
20220816,2.176
20220817,2.175
20220818,2.206
20220819,2.241
20220822,2.217
20220823,2.214
20220824,2.258
20220825,2.449
20220826,2.426
20220829,2.421
20220830,2.428
20220831,2.548
20220901,2.502
20220902,2.514
20220905,2.436
20220906,2.405
20220907,2.49
20220908,2.61
20220913,2.52
20220914,2.517
20220915,2.506
20220916,2.514
20220919,2.501
20220920,2.526
20220921,2.558
20220922,2.53
20220923,2.547
20220926,2.537
20220927,2.526
20220928,2.531
20220929,2.546
20220930,2.804
20221004,2.543
20221005,2.51
20221006,2.552
20221007,2.68
20221011,2.784
20221012,3.114
20221013,3.127
20221014,3.071
20221017,3.05
20221018,3.081
20221019,3.079
20221020,3.132
20221021,3.107
20221024,3.134
20221025,3.148
20221026,3.127
20221027,3.072
20221028,3.047
20221031,3.19
20221101,3.085
20221102,3.031
20221103,3.045
20221104,2.992
20221107,2.977
20221108,2.993
20221109,2.986
20221110,3.09
20221111,3.07
20221114,3.078
20221115,3.031
20221116,3.038
20221117,3.029
20221118,3.026
20221121,3.045
20221122,3.07
20221123,3.082
20221124,3.274
20221125,3.28
20221128,3.306
20221129,3.257
20221130,3.366
20221201,3.275
20221202,3.217
20221205,3.224
20221206,3.163
20221207,3.235
20221208,3.295
20221209,3.291
20221212,3.282
20221213,3.236
20221214,3.229
20221215,3.23
20221216,3.236
20221219,3.194
20221220,3.161
20221221,3.212
20221222,3.208
20221223,3.244
20221226,3.269
20221227,3.252
20221228,3.187
20221229,3.212
20221230,3.38
20230102,3.291
20230103,3.119
20230104,3.032
20230105,3.075
20230106,3.118
20230109,3.132
20230110,3.166
20230111,3.232
20230112,3.299
20230113,3.427
20230116,3.394
20230117,3.369
20230118,3.365
20230119,3.387
20230120,3.48
20230125,3.435
20230126,3.463
20230127,3.357
20230130,3.371
20230131,3.343
20230201,3.37
20230202,3.27
20230203,3.488
20230206,3.487
20230207,3.506
20230208,3.483
20230209,3.434
20230210,3.399
20230213,3.402
20230214,3.403
20230215,3.428
20230216,3.397
20230217,3.436
20230220,3.415
20230221,3.395
20230222,3.423
20230223,3.456
20230224,3.432
20230227,3.428
20230228,3.46
20230302,3.407
20230303,3.366
20230306,3.337
20230307,3.428
20230308,3.458
20230309,3.44
20230310,3.429
20230313,3.435
20230314,3.416
20230315,3.37
20230316,3.439
20230317,3.426
20230320,3.479
20230321,3.464
20230322,3.433
20230323,3.45
20230324,3.419
20230327,3.398
20230328,3.44
20230329,3.427
20230330,3.493
20230331,3.569
20230403,3.449
20230404,3.441
20230405,3.463
20230406,3.4
20230407,3.403
20230410,3.419
20230411,3.452
20230412,3.43
20230413,3.438
20230414,3.491
20230417,3.478
20230418,3.469
20230419,3.428
20230420,3.487
20230421,3.512
20230424,3.503
20230425,3.512
20230426,3.499
20230427,3.487
20230428,3.549
20230502,3.512
20230503,3.541
20230504,3.529
20230508,3.591
20230509,3.656
20230510,3.567
20230511,3.559
20230512,3.548
20230515,3.58
20230516,3.598
20230517,3.6
20230518,3.627
20230519,3.603
20230522,3.589
20230523,3.559
20230524,3.551
20230525,3.603
20230526,3.557
20230530,3.537
20230531,3.543
20230601,3.55
20230602,3.504
20230605,3.487
20230607,3.491
20230608,3.561
20230609,3.569
20230612,3.56
20230613,3.539
20230614,3.532
20230615,3.58
20230616,3.592
20230619,3.605
20230620,3.591
20230621,3.605
20230622,3.578
20230623,3.617
20230626,3.559
20230627,3.52
20230628,3.531
20230629,3.534
20230630,3.767
20230703,3.496
20230704,3.454
20230705,3.488
20230706,3.542
20230707,3.588
20230710,3.582
20230711,3.556
20230712,3.527
20230713,3.514
20230714,3.507
20230717,3.506
20230718,3.51
20230719,3.502
20230720,3.528
20230721,3.481
20230724,3.498
20230725,3.49
20230726,3.483
20230727,3.446
20230728,3.461
20230731,3.488
20230801,3.455
20230802,3.436
20230803,3.45
20230804,3.503
20230807,3.535
20230808,3.485
20230809,3.487
20230810,3.592
20230811,3.576
20230814,3.58
20230816,3.569
20230817,3.557
20230818,3.547
20230821,3.545
20230822,3.54
20230823,3.56
20230824,3.572
20230825,3.565
20230828,3.563
20230829,3.564
20230830,3.577
20230831,3.62
20230901,3.567
20230904,3.545
20230905,3.51
20230906,3.496
20230907,3.54
20230908,3.593
20230911,3.602
20230912,3.597
20230913,3.592
20230914,3.587
20230915,3.58
20230918,3.583
20230919,3.609
20230920,3.619
20230921,3.594
20230922,3.618
20230925,3.63
20230926,3.62
20230927,3.829
20231004,3.555
20231005,3.527
20231006,3.502
20231010,3.471
20231011,3.473
20231012,3.512
20231013,3.542
20231016,3.518
20231017,3.493
20231018,3.492
20231019,3.505
20231020,3.523
20231023,3.538
20231024,3.531
20231025,3.561
20231026,3.556
20231027,3.494
20231030,3.515
20231031,3.5
20231101,3.516
20231102,3.49
20231103,3.52
20231106,3.526
20231107,3.463
20231108,3.484
20231109,3.563
20231110,3.593
20231113,3.575
20231114,3.579
20231115,3.57
20231116,3.585
20231117,3.601
20231120,3.597
20231121,3.585
20231122,3.62
20231123,3.598
20231124,3.606
20231127,3.604
20231128,3.581
20231129,3.595
20231130,3.67
20231201,3.552
20231204,3.556
20231205,3.549
20231206,3.516
20231207,3.618
20231208,3.683
20231211,3.712
20231212,3.68
20231213,3.655
20231214,3.674
20231215,3.649
20231218,3.69
20231219,3.719
20231220,3.686
20231221,3.629
20231222,3.638
20231226,3.632
20231227,3.556
20231228,3.6
20231229,3.906
20240102,3.535
20240103,3.422
20240104,3.391
20240105,3.384
20240108,3.378
20240109,3.412
20240110,3.503
20240111,3.393
20240112,3.432
20240115,3.473
20240116,3.492
20240117,3.499
20240118,3.507
20240119,3.525
20240122,3.523
20240123,3.474
20240124,3.449
20240125,3.46
20240126,3.504
20240129,3.484
20240130,3.545
20240131,3.613
20240201,3.573
20240202,3.541
20240205,3.573
20240206,3.572
20240207,3.518
20240208,3.601
20240213,3.62
20240214,3.644
20240215,3.682
20240216,3.661
20240219,3.634
20240220,3.59
20240221,3.625
20240222,3.659
20240223,3.677
20240226,3.568
20240227,3.465
20240228,3.401
20240229,3.463
20240304,3.366
20240305,3.237
20240306,3.477
20240307,3.375
20240308,3.546
20240311,3.4
20240312,3.421
20240313,3.471
20240314,3.486
20240315,3.464
20240318,3.441
20240319,3.513
20240320,3.533
20240321,3.529
20240322,3.476
20240325,3.482
20240326,3.472
20240327,3.44
20240328,3.502
20240329,3.574
20240401,3.501
20240402,3.479
20240403,3.445
20240404,3.499
20240405,3.526
20240408,3.544
20240409,3.461
20240411,3.503
20240412,3.5
20240415,3.494
20240416,3.42
20240417,3.485
20240418,3.519
20240419,3.514
20240422,3.533
20240423,3.532
20240424,3.519
20240425,3.562
20240426,3.581
20240429,3.573
20240430,3.655
20240502,3.489
20240503,3.475
20240507,3.5
20240508,3.485
20240509,3.5
20240510,3.546
20240513,3.574
20240514,3.563
20240516,3.542
20240517,3.534
20240520,3.539
20240521,3.531
20240522,3.531
20240523,3.556
20240524,3.565
20240527,3.555
20240528,3.52
20240529,3.523
20240530,3.528
20240531,3.58
20240603,3.539
20240604,3.483
20240605,3.502
20240607,3.587
20240610,3.599
20240611,3.591
20240612,3.556
20240613,3.531
20240614,3.503
20240617,3.503
20240618,3.506
20240619,3.505
20240620,3.519
20240621,3.56
20240624,3.554
20240625,3.575
20240626,3.552
20240627,3.56
20240628,3.591
20240701,3.512
20240702,3.483
20240703,3.504
20240704,3.514
20240705,3.538
20240708,3.498
20240709,3.44
20240710,3.475
20240711,3.528
20240712,3.528
20240715,3.509
20240716,3.483
20240717,3.517
20240718,3.523
20240719,3.564
20240722,3.51
20240723,3.55
20240724,3.526
20240725,3.557
20240726,3.541
20240729,3.505
20240730,3.513
20240731,3.53
20240801,3.512
20240802,3.542
20240805,3.545
20240806,3.535
20240807,3.487
20240808,3.531
20240809,3.531
20240812,3.534
20240813,3.579
20240814,3.561
20240816,3.554
20240819,3.538
20240820,3.523
20240821,3.536
20240822,3.538
20240823,3.523
20240826,3.528
20240827,3.509
20240828,3.505
20240829,3.503
20240830,3.543
20240902,3.521
20240903,3.507
20240904,3.521
20240905,3.546
20240906,3.555
20240909,3.562
20240910,3.42
20240911,3.48
20240912,3.578
20240913,3.538
20240919,3.517
20240920,3.505
20240923,3.499
20240924,3.509
20240925,3.509
20240926,3.531
20240927,3.535
20240930,3.602
20241002,3.51
20241004,3.494
20241007,3.473
20241008,3.483
20241010,3.517
20241011,3.312
20241014,3.306
20241015,3.291
20241016,3.282
20241017,3.278
20241018,3.278
20241021,3.264
20241022,3.266
20241023,3.269
20241024,3.276
20241025,3.283
20241028,3.277
20241029,3.263
20241030,3.265
20241031,3.285
20241101,3.232
20241104,3.228
20241105,3.192
20241106,3.236
20241107,3.258
20241108,3.273
20241111,3.277
20241112,3.273
20241113,3.276
20241114,3.266
20241115,3.264
20241118,3.267
20241119,3.262
20241120,3.266
20241121,3.271
20241122,3.285
20241125,3.29
20241126,3.267
20241127,3.263
20241128,3.057
20241129,3.065
20241202,3.033
20241203,3.02
20241204,3.038
20241205,3.011
20241206,3.024
20241209,3.022
20241210,2.948
20241211,2.984
20241212,3.022
20241213,3.019
20241216,3.022
20241217,3.011
20241218,3.018
20241219,3.034
20241220,3.104
20241223,3.103
20241224,3.067
20241226,3.16
20241227,3.1
20241230,3.06
20241231,3.327
20250102,3.029
20250103,2.967
20250106,3.032
20250107,3.0
20250108,3.003
20250109,3.079
20250110,3.081
20250113,3.064
20250114,2.99
20250115,3.008
20250116,3.071
20250117,3.069
20250120,3.109
20250121,3.138
20250122,3.106
20250123,3.088
20250124,3.091
20250131,3.074
20250203,2.988
20250204,2.919
20250205,2.98
20250206,3.003
20250207,3.024
20250210,3.034
20250211,3.021
20250212,3.033
20250213,3.054
20250214,3.057
20250217,3.017
20250218,3.001
20250219,2.953
20250220,2.993
20250221,2.985
